회사명,공고명,"채용 형태(경력, 신입)",직장 위치,키워드,마감 기한,공고 링크
㈜아워홈,2023년 하반기 아워홈 신입사원 공개채용,신입,서울 강서구 외,"관리회계, 부가세신고, 정보디자인, 창고관리, 폰트디자인, 가스점검, 4대보험, 거래처관리, 재무회계, 무대디자인, 연구·실험·기술, 인테리어디자인, UI·UX기획, 식품MD, GUI, 영상제작, 자료조사, 비품관리, 생산관리, 영업기획",~12/03(일),https://www.jobkorea.co.kr//Recruit/GI_Read/43352265?Oem_Code=C1&logpath=1&stext=&listno=1
㈜올가홀푸드,"[풀무원] ORGA DX혁신 IT, O2O기획, 매니저, 점장후보, 수산판매, 조리",신입·경력1년↑,서울 송파구 외,"마트, 고객안내, 데이터관리, SI개발, 메뉴개발, 판매, 시장조사, 판매영업, 데이터분석, DBMS, 고객안내, 신사업기획, o2o기획, 생선손질, 네트워크관리, 샵마스터, 시스템분석, 시스템운영, 제안·컨설팅, 프로모터",~11/26(일),https://www.jobkorea.co.kr//Recruit/GI_Read/43354296?Oem_Code=C1&logpath=1&stext=&listno=2
코나모빌리티㈜,[코나모빌리티㈜] 사업 확장에 따른 팀원 충원,신입·경력3년↑,대구 중구 외,"네트워크관리, GUI, 증강현실, 인터페이스, SI개발, 테스터, 솔루션스아키텍트, 웹마스터, 서버관리, 클라이언트, SI개발, 모델링, 증강현실, 인터페이스, 클라우드개발자, 반응형웹, Client, 음성인식, 클라우드아키텍트, 클라이언트",~12/15(금),https://www.jobkorea.co.kr//Recruit/GI_Read/43310950?Oem_Code=C1&logpath=1&stext=&listno=3
㈜어니언소프트웨어,[어니언소프트웨어] 데이터센터 설비/전력계통 작화 작업 디자인 채용,신입·경력,서울 마포구 외,"기계, 솔루션, 자동제어, 전기, 포토샵, HMI, SQL, 소프트웨어, 데이터센터, 전력, 제어계측, RDBMS, SCADA, 데이터설비, 데이터센터설치, 네트웍구축, IDC, 네트워크관리, 서버구축, 시스템분석",~12/31(일),https://www.jobkorea.co.kr//Recruit/GI_Read/43278776?Oem_Code=C1&logpath=1&stext=&listno=4
㈜아이스크림미디어,아이스크림미디어 DATA 부문 인재 채용,신입·경력,경기 성남시,"모바일앱개발, 데이터관리, 데이터분석, 데이터시각화, 전기·전자, 정보통신·IT, 모델링, 제품개발, 데이터분석, 전략기획, 분석모델링, 데이터마이닝, 로봇설계, 연구기획, DW모델러, 서비스기획, 소프트웨어개발, DB튜닝",상시채용,https://www.jobkorea.co.kr//Recruit/GI_Read/43355412?Oem_Code=C1&logpath=1&stext=&listno=5
KB캐피탈㈜,KB캐피탈 각 부문 채용(계약직 및 정규직),신입·경력3년↑,서울 서초구,"전산입력, 종합금융, 빅데이터, 채권추심, 여신, 행정, DBMS, 문서관리, 캐피탈, 딥러닝, 데이터분석, 인공지능, BI, 모델링, 사업기획, 문서작성, 문서작성, 데이터분석, 전략기획, 분석모델링",~11/27(월),https://www.jobkorea.co.kr//Recruit/GI_Read/43371284?Oem_Code=C1&logpath=1&stext=&listno=6
한림기계㈜,한림기계(주) 전산관리 및 솔루션 도입(IT담당자),신입·경력,경기 화성시,"IT보안, ERP운영, 네트워크관리, 시스템운영, 기계, 기계조립, 서버구축, 사내전산관리, 기계설비, 서버관리",~12/20(수),https://www.jobkorea.co.kr//Recruit/GI_Read/43371883?Oem_Code=C1&logpath=1&stext=&listno=7
오상자이엘 ㈜,각 부문별 신입 및 경력직 채용,신입·경력,인천 부평구 외,"BigData, OLAP개발자, 데이터관리, 거래처관리, 솔루션영업, 펌웨어, 제어·설계, 데이터레이크, 검증, 시장조사, 프로모션, 영상제작, SNS마케팅, 솔루션, 영업기획, 장비영업, 키워드광고, 프로모션, DBMS, 시스템설계",~11/30(목),https://www.jobkorea.co.kr//Recruit/GI_Read/43364733?Oem_Code=C1&logpath=1&stext=&listno=8
교원그룹,교원그룹 11월 정기채용,신입·경력,서울 중구 외,"관리회계, 제품개발, 거래처관리, 고객응대, 급여관리, 기구설계, 재무회계, 회로설계, 인터페이스, 시장조사, 임베디드, 프로모션, 데이터분석, 삽화·일러스트, 영업기획, 데이터시각화, 자금관리, 시스템분석, 일본어, 가맹점관리",~12/03(일),https://www.jobkorea.co.kr//Recruit/GI_Read/43357688?Oem_Code=C1&logpath=1&stext=&listno=9
㈜시그날어페럴,쇼핑몰(소셜&오픈마켓) 상품등록 및 웹디자인 담당/보조 모집,신입·경력1년↑,서울 성동구,"사이트관리, UI·UX기획, GUI, 카페·블로그관리, 모바일디자인, 유통, 모바일디자인, 백화점, 의류매장, 삽화·일러스트, GUI, MD, UI·UX기획, POP",~12/08(금),https://www.jobkorea.co.kr//Recruit/GI_Read/43369502?Oem_Code=C1&logpath=1&stext=&listno=10
㈜비엠스마일,2023년 하반기 신입/경력사원 모집,신입·경력,서울 강남구,"문서작성, 상품입출고, 창고관리, 해피콜, GUI, 기업홍보, 컴플라이언스, 고객경험관리, 웹표준·웹접근성, 거래처관리, 라이센싱, 옥외광고, 저작권, 식품MD, 잡화디자인, GUI, 데이터분석, 교환·반품, 특허담당, SI개발",~11/30(목),https://www.jobkorea.co.kr//Recruit/GI_Read/43358305?Oem_Code=C1&logpath=1&stext=&listno=11
에스지메이트,"23년 하반기 정규직 스크린골프 장비(골프존) 설치부문 채용(신입/경력,청년층)",신입·경력,경기 성남시 외,"거래처관리, 이동통신, 회로설계, A·S수리, 기술지원, 유지보수, 회로설계, 하드웨어, 고객지원, 무선통신, 설치, 정보통신, 기술지원, 컴퓨터, AS, 고객관리, 유지보수, 유지보수",~11/30(목),https://www.jobkorea.co.kr//Recruit/GI_Read/43369289?Oem_Code=C1&logpath=1&stext=&listno=12
㈜오성정보통신,[공공기관] IT시스템 네트워크 유지관리 상주엔지니어 모집,신입·경력,전남 고흥군 외,"전자통신, 네트웍구축, 시스템분석, 네트워크관리, 시스템설계, 정보통신, 통신, 서버관리",~12/20(수),https://www.jobkorea.co.kr//Recruit/GI_Read/43369292?Oem_Code=C1&logpath=1&stext=&listno=13
쿼드스페이스㈜,쿼드스페이스 인테리어 시공팀 / 설계팀 / 공무팀 채용,신입·경력,서울 강남구 외,"건축감리, 건축설계, 보수·철거, 전산입력, 4대보험, 재무회계, 복리후생, 캐드원, 건축설계, 더존, 리모델링, 비품관리, 유지보수, 건축시공, 문서관리, 플랜트, 건축CM, 결산, 문서작성, 인테리어",~12/21(목),https://www.jobkorea.co.kr//Recruit/GI_Read/43367731?Oem_Code=C1&logpath=1&stext=&listno=14
에스씨에스프로㈜,2023년도 하반기 신입/경력 사원모집(국내영업팀/해외영업팀/품질팀),신입·경력,서울 금천구,"상품입출고, 기구설계, 검증, 품질보증, 생산관리, 재고관리, 품질보증, 검증, 시스템설계, 해외마케팅, 회로설계, 수출입계약, 시스템분석, 중국어, 정보보안, 하드웨어, HACCP, 바이어개발, 영어, 기타외국어",~11/30(목),https://www.jobkorea.co.kr//Recruit/GI_Read/43364293?Oem_Code=C1&logpath=1&stext=&listno=15
H&H 파이낸셜대부㈜,본사 영업전략/ 기획관리 경력자 채용,신입·경력,서울 강서구 외,"문서작성, 종합금융, 컴플라이언스, 거래처관리, 복리후생, 실적, 엑셀, 행정, 여신, 자료조사, 자료조사, 내부업무 프로세스 개선, 비품관리, 영업기획, 행정, 송무담당, 문서작성, 캐피탈, 전산개발, 데이터분석",~12/10(일),https://www.jobkorea.co.kr//Recruit/GI_Read/43365167?Oem_Code=C1&logpath=1&stext=&listno=16
㈜웨어밸리,웨어밸리 부문별 개발자 채용 공고,신입·경력3년↑,서울 마포구 외,"데이터관리, 웹표준·웹접근성, 펌웨어, 솔루션, 방화벽, 네트워크관리, 서버관리, 소프트웨어개발",~12/17(일),https://www.jobkorea.co.kr//Recruit/GI_Read/43351861?Oem_Code=C1&logpath=1&stext=&listno=17
㈜세종교육,[IT취업률100프로]AIoT/AWS/풀스택개발(무료숙식교육/비전공자가능/수도권기숙) 2023 마지막 국비무료 취준생 선착순 모집,신입,경기 성남시,"빅데이터, 직업전문학교, 딥러닝, 서버관리, 인공지능, 반응형웹, 클라이언트",~12/22(금),https://www.jobkorea.co.kr//Recruit/GI_Read/43348587?Oem_Code=C1&logpath=1&stext=&listno=18
주식회사 레가토,[(주)레가토] 2023 하반기 각 분야 채용,신입·경력,경기 부천시 외,"문서관리, 문서작성, 전산입력, 문서관리, 비품관리, 자산관리, 복리후생, 서무, 행정, 더존, 문서관리, 문서작성, 자산관리, 전산입력, 인사기획, 인사교육, 인사행정, 경력관리, 노사관리, 복리후생",~01/17(수),https://www.jobkorea.co.kr//Recruit/GI_Read/43356893?Oem_Code=C1&logpath=1&stext=&listno=19
㈜CMB영등포방송,씨엠비영등포방송 부문별 정규직 채용,신입·경력,서울 영등포구 외,"자재관리, 네트워크구축운영관리, 시스템네크워크보안, 브랜드기획, 전략기획, 콘텐츠기획, 시장분석, 브랜딩, SNS마케팅, 바이럴마케팅, 키워드광고, 프로모션, 서버관리, 네트워크관리, 고객관리",~11/30(목),https://www.jobkorea.co.kr//Recruit/GI_Read/43363134?Oem_Code=C1&logpath=1&stext=&listno=20
㈜테스콤,Python S/W 설계,신입·경력3년↑,경기 고양시 외,"전자, C#, Python, 시스템분석, 파이썬, 아키텍처, 시스템설계",~12/20(수),https://www.jobkorea.co.kr//Recruit/GI_Read/43373520?Oem_Code=C1&logpath=1&stext=&listno=21
티맥스그룹,[TmaxTibero] 기술직군(기술지원 엔지니어/QA) 채용,신입·경력,경기 성남시,"BigData, 데이터관리, DataWarehouse, 솔루션, 테스터, DBMS, 웹마스터, 시스템분석, 클라이언트, SI개발, OLAP, 아키텍처, 시스템설계, 검증, 소프트웨어개발",~12/10(일),https://www.jobkorea.co.kr//Recruit/GI_Read/43370944?Oem_Code=C1&logpath=1&stext=&listno=22
㈜이스트게임즈,UI 기획/모바일 MMORPG 게임 기획,신입·경력,서울 서초구,"UI·UX기획, 게임기획, MMORPG, 서비스기획",~12/20(수),https://www.jobkorea.co.kr//Recruit/GI_Read/43369647?Oem_Code=C1&logpath=1&stext=&listno=23
㈜더블유게임즈,[DUC 개발본부] [소셜 카지노] 서버 개발자 채용 (신입/경력),신입·경력,서울 강남구,"2D온라인게임, AWS, SVN, NODE.JS, 게임기획, restful, 게임개발, 3D디자인, 3D온라인게임",~01/19(금),https://www.jobkorea.co.kr//Recruit/GI_Read/43369284?Oem_Code=C1&logpath=1&stext=&listno=24
㈜인사이드정보,[신입/경력] 인사이드정보 검색엔진 개발자 및 엔지니어 채용,신입·경력1년↑,서울 강남구 외,"SM, 솔루션, 시스템분석, 시스템운영, SI, 시스템분석, OLAP, 아키텍처, 시스템설계, 서버관리, 소프트웨어개발",~12/20(수),https://www.jobkorea.co.kr//Recruit/GI_Read/43365949?Oem_Code=C1&logpath=1&stext=&listno=25
㈜머큐리,(주)머큐리 SW개발 신입 및 경력직 채용,신입·경력3년↑,서울 동작구,"모바일앱개발, 소프트웨어개발",~12/20(수),https://www.jobkorea.co.kr//Recruit/GI_Read/43365185?Oem_Code=C1&logpath=1&stext=&listno=26
신한이지손해보험㈜,신한EZ손해보험 - IT기획 지원 담당자 모집(신입/경력(4년이하),신입·경력,서울 중구,"손해사정, 자동차보험, IT 구매, IT 자산관리, IT 예산관리, IT 기획, 손해보험",~12/08(금),https://www.jobkorea.co.kr//Recruit/GI_Read/43364933?Oem_Code=C1&logpath=1&stext=&listno=27
㈜이테크시스템,네트워크 엔지니어 모집 (공공/국방 분야),신입·경력2년↑,서울 중구,"하드웨어, 네트워크관리",~12/20(수),https://www.jobkorea.co.kr//Recruit/GI_Read/43364632?Oem_Code=C1&logpath=1&stext=&listno=28
태하메카트로닉스㈜,리눅스 어플리케이션 개발부문 신입/경력 직원모집,신입·경력,경기 안양시 외,"전기·전자, 소프트웨어개발",~11/26(일),https://www.jobkorea.co.kr//Recruit/GI_Read/43363909?Oem_Code=C1&logpath=1&stext=&listno=29
㈜에임메드,"Delphi ,VB  경력직 채용 (계약직)",신입·경력1년↑,서울 강남구,"바이오, VB, 건강, 보건",~11/23(목),https://www.jobkorea.co.kr//Recruit/GI_Read/43363450?Oem_Code=C1&logpath=1&stext=&listno=30
㈜이오테크닉스,(주)이오테크닉스 개발자 모집 (제어SW),신입·경력,경기 안양시 외,"펌웨어, 임베디드, PCB, 시스템분석, 시스템운영, 자동화설비, 메카트로닉스, 시스템분석, 클라이언트, SI개발, 시스템설계, 펌웨어, 기계설비, 아키텍처, 시스템설계",~12/10(일),https://www.jobkorea.co.kr//Recruit/GI_Read/43363187?Oem_Code=C1&logpath=1&stext=&listno=31
몰팩바이오,인공지능 AI 개발,신입·경력,서울 서초구,생명공학,~01/17(수),https://www.jobkorea.co.kr//Recruit/GI_Read/43361171?Oem_Code=C1&logpath=1&stext=&listno=32
몰팩바이오,리눅스 및 IT등관리,신입·경력,서울 서초구,생명공학,~01/17(수),https://www.jobkorea.co.kr//Recruit/GI_Read/43361166?Oem_Code=C1&logpath=1&stext=&listno=33
메리츠화재해상보험,2024년 메리츠화재 상반기 '상품전략 및 가정모델' 대졸 신입사원 채용 공고,신입,서울 강남구,"자동차, 보험영업, 손해보험, 화재보험, 사업기획, 데이터분석, 신사업기획, 전략기획, 경영기획, 경영컨설팅, 금융컨설팅, 경영기획, 문서작성, 통계·분석, 자료조사, 시스템분석, 시스템설계, 시스템운영, 서버관리, 모델링",~11/30(목),https://www.jobkorea.co.kr//Recruit/GI_Read/43348508?Oem_Code=C1&logpath=1&stext=&listno=34
KS신용정보,[KS신용정보] 경영기획본부 IT팀 채용,신입·경력,서울 강남구 외,"채권추심, 네트워크관리, 시스템운영, 시스템운영, 서버구축, 네트워크관리, 서버구축, 채권",~12/17(일),https://www.jobkorea.co.kr//Recruit/GI_Read/43354474?Oem_Code=C1&logpath=1&stext=&listno=35
펜타시스템테크놀러지㈜,"[본사 및 부산, 대전] Blue Analytics 채용 공고",신입·경력3년↑,서울 영등포구 외,"SM, 솔루션, Python, 시스템영업, DBA, PM, SI, SI개발, SI영업, 데이터분석, 공공영업, PM, 분석모델링, 웹개발, Snowflake, 기술지원, Java, 소프트웨어개발, 데이터엔지니어",~01/16(화),https://www.jobkorea.co.kr//Recruit/GI_Read/43357561?Oem_Code=C1&logpath=1&stext=&listno=36
㈜피엠씨프러덕션,시스템팀 (신입/경력) 정규직 채용,신입·경력,서울 종로구 외,"사내시스템 관리 및 유지보수, 공연예술, 네트워크관리, 시스템운영, 시스템운영, 네트워크관리, API연동, 공연, 문화.공연.예술, 서버관리",~12/17(일),https://www.jobkorea.co.kr//Recruit/GI_Read/43357986?Oem_Code=C1&logpath=1&stext=&listno=37
㈜재능교육,"[JEI 재능그룹] 재능교육 교육시스템팀(신입, 경력) 인재모집",신입·경력3년↑,서울 종로구 외,"js, SPA프로젝트, JavaScript, jenkins, 소프트웨어개발, CSS, 애플리케이션개발, 교육콘텐츠, React, 교육시스템개발, GIT, 교육콘텐츠개발, 웹개발, HTML, Vue",~11/26(일),https://www.jobkorea.co.kr//Recruit/GI_Read/43357017?Oem_Code=C1&logpath=1&stext=&listno=38
대아티아이㈜,"[상장사] (DBA)소프트웨어 개발직 채용 (신입, 경력)",신입·경력2년↑,서울 영등포구,"데이터관리, DBMS, DB튜닝",~12/17(일),https://www.jobkorea.co.kr//Recruit/GI_Read/43355750?Oem_Code=C1&logpath=1&stext=&listno=39
대아티아이㈜,"[상장사] 소프트웨어 개발직 채용 (신입, 경력)",신입·경력2년↑,서울 영등포구,"시스템분석, 시스템설계",~12/17(일),https://www.jobkorea.co.kr//Recruit/GI_Read/43355559?Oem_Code=C1&logpath=1&stext=&listno=40
미원상사㈜,미원상사 및 관계사 IT/SW 직무 채용,신입·경력,경기 안양시 외,화학,~11/26(일),https://www.jobkorea.co.kr//Recruit/GI_Read/43355331?Oem_Code=C1&logpath=1&stext=&listno=41
나이스피앤아이㈜,[NICE피앤아이] 2023년 4분기 정규직(신입&경력) 채용,신입·경력,서울 영등포구,"빅데이터, 데이터레이크, 금융, ETL, 시스템운영, 금융상품기획, 서버구축, 시스템분석, 평가엔진, 공정가치, 시스템설계, 금융데이터, 증권, 채권, 서버관리, 데이터파이프라인",~11/30(목),https://www.jobkorea.co.kr//Recruit/GI_Read/43351710?Oem_Code=C1&logpath=1&stext=&listno=42
인크로스㈜,[SK그룹-인크로스] 2024년 상반기 신입(인턴) 채용,신입,서울 관악구,"재무기획, 데이터분석, 전략기획, 서비스기획, 제안·컨설팅, 데이터분석, 콘텐츠기획, 재무기획, 재무분석, 광고기획, 브랜딩, 시장분석, 시장조사, 포지셔닝, 브랜드기획",~11/27(월),https://www.jobkorea.co.kr//Recruit/GI_Read/43354858?Oem_Code=C1&logpath=1&stext=&listno=43
㈜이스턴네트웍스,자사 플랫폼 개발자 채용,신입·경력1년↑,서울 강남구,"하드웨어, 유지보수",~12/17(일),https://www.jobkorea.co.kr//Recruit/GI_Read/43354765?Oem_Code=C1&logpath=1&stext=&listno=44
㈜에스엠코어,"(주)에스엠코어 SI 전산 개발자(Unreal 3D, C#, C++, JAVA) 모집합니다.",신입·경력,서울 마포구,"기계, 자동화설비, SI개발, 기계설계",~12/31(일),https://www.jobkorea.co.kr//Recruit/GI_Read/43354593?Oem_Code=C1&logpath=1&stext=&listno=45
현대디지텍코어㈜,광주/부산 OA장비 유지보수 직원 채용,신입·경력,부산 사상구 외,"시스템운영, 하드웨어, 컴퓨터, 유지보수",~12/17(일),https://www.jobkorea.co.kr//Recruit/GI_Read/43354541?Oem_Code=C1&logpath=1&stext=&listno=46
LX인터내셔널,2023년 신입사원 상시 채용(IT시스템),신입,서울 종로구,"사업개발, 사업기획, HR, 경영기획",상시채용,https://www.jobkorea.co.kr//Recruit/GI_Read/43354136?Oem_Code=C1&logpath=1&stext=&listno=47
LX인터내셔널,2023년 신입사원 상시 채용(HR),신입,서울 종로구,"사업개발, 사업기획, HR, 경영기획",상시채용,https://www.jobkorea.co.kr//Recruit/GI_Read/43354129?Oem_Code=C1&logpath=1&stext=&listno=48
LX인터내셔널,2023년 신입사원 상시 채용(재경/기획),신입,서울 종로구,"사업개발, 사업기획, HR, 경영기획",상시채용,https://www.jobkorea.co.kr//Recruit/GI_Read/43354121?Oem_Code=C1&logpath=1&stext=&listno=49
LX인터내셔널,2023년 신입사원 상시 채용(사업개발),신입,서울 종로구,"사업개발, 사업기획, HR, 경영기획",상시채용,https://www.jobkorea.co.kr//Recruit/GI_Read/43354112?Oem_Code=C1&logpath=1&stext=&listno=50
LX인터내셔널,2023년 신입사원 상시 채용(해외영업),신입,서울 종로구,"사업개발, 사업기획, HR, 경영기획",상시채용,https://www.jobkorea.co.kr//Recruit/GI_Read/43354093?Oem_Code=C1&logpath=1&stext=&listno=51
LX인터내셔널,2023년 신입사원 상시 채용,신입,서울 종로구,"사업개발, 사업기획, HR, 경영기획",상시채용,https://www.jobkorea.co.kr//Recruit/GI_Read/43354085?Oem_Code=C1&logpath=1&stext=&listno=52
㈜한솥,(주)한솥 디지털기획운영팀 IT서비스 운영 담당 신입 채용,신입,서울 강남구 외,"네트워크관리, 시스템분석, 시스템운영, 시스템운영, 정보보안, 서버구축, 시스템분석, 네트워크관리, 음식료, 시스템설계, 시스템설계",~11/30(목),https://www.jobkorea.co.kr//Recruit/GI_Read/43353008?Oem_Code=C1&logpath=1&stext=&listno=53
㈜리드코프,(주)리드코프 전산팀 개발파트 채용,신입·경력2년↑,서울 중구,SI개발,~12/17(일),https://www.jobkorea.co.kr//Recruit/GI_Read/43352994?Oem_Code=C1&logpath=1&stext=&listno=54
㈜닷밀,[닷밀] 테마파크/전시 Technical Designer 채용,신입·경력1년↑,서울 마포구,컨텐츠,~12/17(일),https://www.jobkorea.co.kr//Recruit/GI_Read/43352751?Oem_Code=C1&logpath=1&stext=&listno=55
티맥스그룹,[TmaxTibero] Tibero 연구원,신입·경력,경기 성남시,"BigData, OLAP개발자, 데이터관리, DataWarehouse, 솔루션, DBMS, 시스템분석, SI개발, OLAP, 데이터마이닝, 아키텍처, 시스템설계, 소프트웨어개발, 데이터파이프라인, DB튜닝",상시채용,https://www.jobkorea.co.kr//Recruit/GI_Read/43352727?Oem_Code=C1&logpath=1&stext=&listno=56
에이피알,[에이피알] 데이터 애널리스트(DA) 인턴 및 경력사원 모집,신입·경력2년↑,서울 송파구,데이터애널리스트,상시채용,https://www.jobkorea.co.kr//Recruit/GI_Read/43352423?Oem_Code=C1&logpath=1&stext=&listno=57
㈜디지캡,"㈜디지캡 시스템(서버, C++) 소프트웨어 개발자 모집",신입·경력,서울 강서구,"모바일앱개발, 소프트웨어개발",~12/17(일),https://www.jobkorea.co.kr//Recruit/GI_Read/43351111?Oem_Code=C1&logpath=1&stext=&listno=58
유비벨록스㈜,유비벨록스 23년 하반기 인원모집,신입·경력,서울 구로구 외,"문서작성, 전산입력, 전산관리, 웹표준·웹접근성, 수출입계약, 저작권, 조립, 보안인증, 인터페이스, 행정, 품질보증, 해상무역, SI개발, 납품영업, 비품관리, 생산관리, 품질보증, 옵셋인쇄, 국책사업기획, 검증",~11/26(일),https://www.jobkorea.co.kr//Recruit/GI_Read/43344783?Oem_Code=C1&logpath=1&stext=&listno=59
로지스올그룹,로지스올시스템즈 신입/경력사원 채용(IT시스템 개발),신입·경력1년↑,서울 마포구 외,"네트워크관리, 물류센터, 창고관리, 빅데이터, 데이터관리, SI개발, 웹표준·웹접근성, 펌웨어, 데이터레이크, Rest-API, 물류관리, GUI, 데이터분석, 전산지원, JavaScript, jquery, 물류센터, 시스템영업, CSS, 딥러닝",~11/29(수),https://www.jobkorea.co.kr//Recruit/GI_Read/43341741?Oem_Code=C1&logpath=1&stext=&listno=60
㈜에이디엔노뜨,㈜에이디엔노뜨 각부문 신입/경력 채용,신입·경력,서울 서초구,"행사기획, SI개발, 유지보수, 영상제작, 네트워크관리, 공연기획, 방송제작, 시스템운영, 전시기획, 영상제작, 제휴마케팅, SNS마케팅, 네트워크관리, 바이럴마케팅, 영상제작, SI개발, 통신설비, 영상제작, SNS마케팅, 방송제작",~01/15(월),https://www.jobkorea.co.kr//Recruit/GI_Read/43346767?Oem_Code=C1&logpath=1&stext=&listno=61
㈜나이스커피시스템,"[정규직] 커피머신 A/S·설치·수리·관리 신입,경력 채용 모집",신입·경력,서울 서초구 외,"전기설비, 기술지원, 유지보수, A·S수리, 기술지원, 시공관리, A·S센터, A·S수리, 설치, 자동제어, 커피머신, 유지보수",~11/25(토),https://www.jobkorea.co.kr//Recruit/GI_Read/43346293?Oem_Code=C1&logpath=1&stext=&listno=62
㈜애반,"웹 디자이너, 웹 퍼블리셔, 웹기획, 바리스타, PD, BJ, 사육사, 경리 등,, 모집",신입·경력,경기 하남시 외,"영상편집, 동물원, 사육사, 애견샵, bj, Sketch, UI·UX디자인, 애견기업, 컨설팅, 서비스기획, 앱기획, 콘텐츠기획, 4대보험, 결산, 관리회계, 더존, 법인결산, 부가세신고, 원가회계, 재무회계",~01/15(월),https://www.jobkorea.co.kr//Recruit/GI_Read/43344750?Oem_Code=C1&logpath=1&stext=&listno=63
㈜씨앤에스,"반도체자동화설비,장비(Maintenance ) 유지보수 및 전산모니터링 직원 모집",신입·경력,경기 화성시 외,"전산입력, 모니터링, ㈜씨앤에스, A·S수리, 기술지원, 반도체장비, 유지보수, 설비, 네트워크관리, 장애관리, 품질테스트, 유지보수, 전산시스템, 유지보수",~11/23(목),https://www.jobkorea.co.kr//Recruit/GI_Read/43340716?Oem_Code=C1&logpath=1&stext=&listno=64
㈜펫박스,(주)펫박스 23년 각 분야 인재 채용(온라인MD/영업지원/브랜드 퍼포먼스마케터/해외직구 MD/콘텐츠 디자이너/CS/PM/개발자),신입·경력,서울 마포구 외,"사이트관리, 웹표준·웹접근성, 거래처관리, B2C, UI·UX기획, SNS마케팅, 고도화, 행정, 카페·블로그관리, 해외마케팅, 수출입관리, 브랜딩, 전자상거래, 중국어, 카페·블로그관리, 프로모션, UI·UX디자인, 광고기획, 대리점관리, 고객지원",~01/14(일),https://www.jobkorea.co.kr//Recruit/GI_Read/43318415?Oem_Code=C1&logpath=1&stext=&listno=65
㈜비아트론,디스플레이장비 제어 Software개발,신입·경력3년↑,경기 수원시,"C++, C#, 시스템분석, 시스템운영, 반도체, 자동제어, 클라이언트, 시스템설계, 디스플레이, C, 장비제어, 시스템설계, 제어프로그램",~12/16(토),https://www.jobkorea.co.kr//Recruit/GI_Read/43348283?Oem_Code=C1&logpath=1&stext=&listno=66
포인트임플란트㈜,포인트임플란트 S/W개발 인재채용,신입·경력2년↑,경기 광명시,"의료기기, 시스템설계",~01/15(월),https://www.jobkorea.co.kr//Recruit/GI_Read/43345862?Oem_Code=C1&logpath=1&stext=&listno=67
㈜링크제니시스,차량용 SW Test 자동화 개발(Python) 및 검증,신입·경력,인천 서구,"솔루션, 테스터, SI개발, 검증, 소프트웨어개발",상시채용,https://www.jobkorea.co.kr//Recruit/GI_Read/43344907?Oem_Code=C1&logpath=1&stext=&listno=68
㈜이테크시스템,방화벽 운영 엔지니어 모집 [삼성전자 기흥사업장 상주],신입,경기 용인시,"방화벽, 보안관제, 네트워크관리, 정보보안",~12/13(수),https://www.jobkorea.co.kr//Recruit/GI_Read/43344860?Oem_Code=C1&logpath=1&stext=&listno=69
㈜시스게이트,[서울 영등포] 의료기관 전산센터 시스템 운영자 모집(신규),신입,서울 영등포구,"SM, 시스템운영, 네트워크관리, 서버관리",~12/16(토),https://www.jobkorea.co.kr//Recruit/GI_Read/43344842?Oem_Code=C1&logpath=1&stext=&listno=70
㈜다산컨설턴트,전산팀 신입 및 경력사원 모집,신입·경력1년↑,서울 송파구,"비품관리, 자산관리, 네트워크관리, 서버구축, 시스템운영, 서버관리, 기술지원, 설치, 유지보수, A·S수리",~11/30(목),https://www.jobkorea.co.kr//Recruit/GI_Read/43344556?Oem_Code=C1&logpath=1&stext=&listno=71
㈜에이텍모빌리티,"[서울역] S/W 개발자, 앱 개발자 채용",신입·경력3년↑,서울 중구,"전자회로, 전자, 전기회로, 전기기술",~01/15(월),https://www.jobkorea.co.kr//Recruit/GI_Read/43343535?Oem_Code=C1&logpath=1&stext=&listno=72
현대디지텍코어㈜,인천 OA장비 유지보수 직원 채용,신입·경력1년↑,경기 부천시 외,"시스템운영, 하드웨어, 컴퓨터, 유지보수",~12/16(토),https://www.jobkorea.co.kr//Recruit/GI_Read/43343463?Oem_Code=C1&logpath=1&stext=&listno=73
㈜시스게이트,[경기 평택] 데이터센터 시스템 운영 담당자 모집,신입,경기 평택시,"SM, 시스템운영, 네트워크관리, 서버관리",~12/16(토),https://www.jobkorea.co.kr//Recruit/GI_Read/43342790?Oem_Code=C1&logpath=1&stext=&listno=74
에쓰핀테크놀로지,부문별 신입 채용 (IT Solution 영업지원-Microsoft),신입,서울 강남구,"인증 갱신 관리, 시장조사, 제안·컨설팅, 인증관리, 전략기획, 시장분석",~11/30(목),https://www.jobkorea.co.kr//Recruit/GI_Read/43342416?Oem_Code=C1&logpath=1&stext=&listno=75
에쓰핀테크놀로지,부문별 신입/경력 채용,신입·경력,서울 강남구,"인증 갱신 관리, 시장조사, 제안·컨설팅, 인증관리, 전략기획, 시장분석",~11/30(목),https://www.jobkorea.co.kr//Recruit/GI_Read/43342301?Oem_Code=C1&logpath=1&stext=&listno=76
네이버랩스,Computer Vision & Deep Learning Engineer (인턴십/로보틱스 프로젝트),신입,경기 성남시,"로봇플랫폼 개발, 딥러닝, 로봇이동 기술연구, 컴퓨터비전",상시채용,https://www.jobkorea.co.kr//Recruit/GI_Read/43341920?Oem_Code=C1&logpath=1&stext=&listno=77
㈜삼보컴퓨터,"(안산) 삼보컴퓨터 전산팀 인프라관리자/ERP, 그룹웨어, MES관리자 채용/계열사",신입·경력,경기 안산시,"데이터관리, 시스템운영, Tomcat, 컴퓨터, 서버관리, 유지보수",~12/16(토),https://www.jobkorea.co.kr//Recruit/GI_Read/43341704?Oem_Code=C1&logpath=1&stext=&listno=78
네이버랩스,Computer Vision & Deep Learning Engineer (인턴십/자율주행 프로젝트),신입,경기 성남시,"자율주행 연구, 딥러닝, 컴퓨터비전 연구",상시채용,https://www.jobkorea.co.kr//Recruit/GI_Read/43341642?Oem_Code=C1&logpath=1&stext=&listno=79
㈜포스토피아,솔루션 개발/ 프로젝트 설계&개발  신입 정규직 채용,신입,서울 광진구,"인쇄, 출력",~12/16(토),https://www.jobkorea.co.kr//Recruit/GI_Read/43341197?Oem_Code=C1&logpath=1&stext=&listno=80
NICE페이먼츠㈜,[NICE페이먼츠] 23년 IT 경력 상시 채용,신입·경력1년↑,서울 마포구,클라이언트,~12/16(토),https://www.jobkorea.co.kr//Recruit/GI_Read/43341083?Oem_Code=C1&logpath=1&stext=&listno=81
에스케이쉴더스㈜,정보보안 관제 신입/경력직 채용(분당),신입·경력,경기 성남시,"네트워크보안, 보안관제, 정보보안, 보안컨설팅, 정보보안",~12/10(일),https://www.jobkorea.co.kr//Recruit/GI_Read/43340634?Oem_Code=C1&logpath=1&stext=&listno=82
㈜뉴프렉스,제조업체 전산관리자(서버/네트워크 관리) 신입 및 경력 모집,신입·경력,경기 안산시,"FPCB, 시스템운영, ERP 전산, 방화벽, 전산, 네트워크관리, ERP, PCB, 전산관리자, 네트워크관리, 정보보안, 서버구축",~11/22(수),https://www.jobkorea.co.kr//Recruit/GI_Read/43340616?Oem_Code=C1&logpath=1&stext=&listno=83
네오컨버전스㈜,네오컨버전스(주) 하반기 윈도우 어플리케이션 개발자 채용,신입·경력1년↑,서울 성동구,솔루션,~12/16(토),https://www.jobkorea.co.kr//Recruit/GI_Read/43340461?Oem_Code=C1&logpath=1&stext=&listno=84
해성손해사정㈜,"해성손해사정(주) 경영기획본부 (회계경리팀, IT개인정보관리팀) 채용공고",신입·경력,서울 중구 외,"4대보험, 재무회계, 더존, 손해사정, 시스템운영, 방화벽, 기업회계, 결산, 네트워크관리, 재무기획, 보안관제, 생명보험, 입출금관리, 네트워크관리, 정보보안, 화재보험, 핀테크, 법인결산, 암호화폐, 전산회계",~12/15(금),https://www.jobkorea.co.kr//Recruit/GI_Read/43334767?Oem_Code=C1&logpath=1&stext=&listno=85
㈜알리는사람들,[알리고문자] 서비스 운영 담당자 채용,신입·경력,서울 성동구 외,"서비스분석, 데이터분석, 원격상담, 민원상담, 네트워크관리, 시스템운영, 접수·예약, 단순안내, 전화상담, 게시판관리, 고객지원, 모바일App, 시스템분석, 고객문의분석, 앱기획, UI·UX기획, 시스템설계, 데이터분석, 콘텐츠기획, 스토리보드",~12/31(일),https://www.jobkorea.co.kr//Recruit/GI_Read/43333096?Oem_Code=C1&logpath=1&stext=&listno=86
큐알티,[신입] 23년 4분기 기획재경실 IT/웹개발 직무 채용,신입,경기 이천시,"시스템 운영, 시스템 개발",~11/26(일),https://www.jobkorea.co.kr//Recruit/GI_Read/43338699?Oem_Code=C1&logpath=1&stext=&listno=87
카카오페이,인턴 - PFM 자산관리 서비스 개발 및 운영,신입,경기 성남시,"서비스개발/운영, 서비스기획",~11/29(수),https://www.jobkorea.co.kr//Recruit/GI_Read/43336815?Oem_Code=C1&logpath=1&stext=&listno=88
㈜제이브이엠,[한미약품관계사] (주)제이브이엠 제어설계 부문 모집,신입·경력3년↑,대구 달서구,"도면관리, 전장설계, PLM, 의료기기, 펌웨어, 회로설계, 제어·설계",~12/15(금),https://www.jobkorea.co.kr//Recruit/GI_Read/43336201?Oem_Code=C1&logpath=1&stext=&listno=89
㈜휴온스글로벌,휴온스글로벌 각 부서 신입/경력직 모집 (23.11),신입·경력1년↑,경기 성남시,"내부회계, 리스크관리, CP, 바이오, 의약, 제약, 컴플라이언스, 평가·보상, 정보보안",~11/27(월),https://www.jobkorea.co.kr//Recruit/GI_Read/43335769?Oem_Code=C1&logpath=1&stext=&listno=90
㈜클라우드네트웍스,[클라우드네트웍스] 네트워크엔지니어(L2/L3) 모집 (신입/경력),신입·경력,서울 강남구,"시스템운영, 네트웍구축, 네트워크관리",~12/15(금),https://www.jobkorea.co.kr//Recruit/GI_Read/43335023?Oem_Code=C1&logpath=1&stext=&listno=91
㈜클라우드네트웍스,[클라우드네트웍스] 네트워크엔지니어(L4/L7) 모집 (신입/경력),신입·경력,서울 강남구,"시스템운영, 네트웍구축, 네트워크관리",~12/15(금),https://www.jobkorea.co.kr//Recruit/GI_Read/43335001?Oem_Code=C1&logpath=1&stext=&listno=92
㈜씨디네트웍스,CDN/Cloud 서비스 매니저 채용 [신입],신입,서울 중구,"시스템운영, CDN, 서버관리",~01/14(일),https://www.jobkorea.co.kr//Recruit/GI_Read/43334670?Oem_Code=C1&logpath=1&stext=&listno=93
㈜씨디네트웍스,Cloud Service Manager 채용 [신입/경력],신입·경력2년↑,서울 중구,"CDN, 시스템운영, 서버관리",~01/14(일),https://www.jobkorea.co.kr//Recruit/GI_Read/43334612?Oem_Code=C1&logpath=1&stext=&listno=94
㈜세종아이티엘,하반기 신입사원 공채 (네트워크 영업),신입,서울 구로구,"네트워크관리, IDC, 네트웍구축, 시스템운영, 방화벽, 네트워크관리, 네트워크관리, 통신, 서버구축",~12/15(금),https://www.jobkorea.co.kr//Recruit/GI_Read/43334449?Oem_Code=C1&logpath=1&stext=&listno=95
㈜투이컨설팅,금융 컨설팅 프로젝트 : 컨설턴트 Assistant (인턴) 모집,신입,서울 영등포구,"SM, 솔루션, SI, 시스템분석, 시스템설계, 소프트웨어개발",~11/24(금),https://www.jobkorea.co.kr//Recruit/GI_Read/43333485?Oem_Code=C1&logpath=1&stext=&listno=96
㈜인사이드정보,인사이드정보 개발자 채용,신입·경력3년↑,서울 강남구 외,"e러닝, 온라인교육운영, 기능학원, 기업교육, 어학원, e러닝, 서비스기획, UI·UX기획",~12/08(금),https://www.jobkorea.co.kr//Recruit/GI_Read/43332759?Oem_Code=C1&logpath=1&stext=&listno=97
㈜엑스퍼트컨설팅,"웹기획자, 온라인 평생교육 교육운영자, JAVA 웹개발자 인재모집",신입·경력5년↑,서울 송파구,"거래처관리, 기술지원, 시장조사, 자료조사, A·S수리, 기술지원, 납품영업, 영업기획, 유지보수, 장비영업, 행정, 문서작성, 브랜드기획, 유통영업, 네트워크관리, 시스템운영, 기계조작, 렌탈영업, 영업전략, A·S수리",~12/06(수),https://www.jobkorea.co.kr//Recruit/GI_Read/43331239?Oem_Code=C1&logpath=1&stext=&listno=98
티지에스,㈜TGS 신입 및 경력 각 부문 채용,신입·경력,서울 종로구 외,"클라우드개발자, 인사행정, 인사기획, 클라우드아키텍트, 인사교육",~11/21(화),https://www.jobkorea.co.kr//Recruit/GI_Read/43292025?Oem_Code=C1&logpath=1&stext=&listno=99
우리에프아이에스㈜,우리에프아이에스㈜ 직원 채용,신입·경력3년↑,서울 마포구,,~11/23(목),https://www.jobkorea.co.kr//Recruit/GI_Read/43314495?Oem_Code=C1&logpath=1&stext=&listno=100
㈜웨이버스,"㈜웨이버스 정기채용 (웹/CS/모바일 개발, 솔루션 기획/개발/운영, 디자인&퍼블리싱, 해외사업)",신입·경력,서울 구로구 외,"네트워크관리, GUI, SI개발, 웹표준·웹접근성, 인터페이스, UI·UX기획, GUI, GUI, 데이터분석, SI개발, PL, 콜센터, 해외마케팅, 네트워크관리, 수출입계약, 시스템분석, 시스템운영, 제안·컨설팅, PM, 모바일디자인",~11/24(금),https://www.jobkorea.co.kr//Recruit/GI_Read/43313014?Oem_Code=C1&logpath=1&stext=&listno=101
카페스㈜,"2023년 하반기 시스템 검증/설계, 전기 엔지니어 신규채용",신입·경력,서울 송파구 외,"신재생, 전기, 전기공사, 전기기사, 전기기술, 전기설계, 전기설비, 전기제어, 전자, 전자회로, 제어, 기계설계, 밸브, CAD, 시스템설계, 검증, 회로설계, PCB, PLC, CAM",~11/26(일),https://www.jobkorea.co.kr//Recruit/GI_Read/43326940?Oem_Code=C1&logpath=1&stext=&listno=102
삼정데이타서비스㈜,데이터 디자인 랩(연구소) 개발자 신입/경력 채용,신입·경력,서울 구로구,"시스템분석, 정보보안, R&D, SI개발, 소프트웨어개발",~12/14(목),https://www.jobkorea.co.kr//Recruit/GI_Read/43321928?Oem_Code=C1&logpath=1&stext=&listno=103
㈜안랩,[안랩] 2024년 상반기 현장실습형 인턴 모집,신입,경기 성남시,"기업홍보, 사업관리, 연구기획, 테스트자동화개발, 네트워크보안, 백신프로그램, 보안소프트웨어, 보안컨설팅, 정보보안, 정보보안",~11/22(수),https://www.jobkorea.co.kr//Recruit/GI_Read/43328137?Oem_Code=C1&logpath=1&stext=&listno=104
소프트캠프㈜,보안SW 개발직 신입/경력사원 모집 (Java/Web개발자),신입·경력3년↑,경기 성남시,"시스템운영, 보안소프트웨어, 정보보안",~12/14(목),https://www.jobkorea.co.kr//Recruit/GI_Read/43325215?Oem_Code=C1&logpath=1&stext=&listno=105
한화파워시스템㈜,[에너지부문] 해외대 석/박사 R&D 채용(제어시스템 개발),신입·경력,경기 성남시,"주문형 압축기 개발, 기본설계, 시스템설계, 제어시스템 개발",~11/26(일),https://www.jobkorea.co.kr//Recruit/GI_Read/43324889?Oem_Code=C1&logpath=1&stext=&listno=106
한화파워시스템㈜,[에너지부문] 해외대 석/박사 R&D 채용(기본설계-압축기 소음),신입·경력,경기 성남시,"주문형 압축기 개발, 기본설계, 시스템설계, 제어시스템 개발",~11/26(일),https://www.jobkorea.co.kr//Recruit/GI_Read/43324870?Oem_Code=C1&logpath=1&stext=&listno=107
한화파워시스템㈜,[에너지부문] 해외대 석/박사 R&D 채용(주문형 압축기 개발),신입·경력,경기 성남시,"주문형 압축기 개발, 기본설계, 시스템설계, 제어시스템 개발",~11/26(일),https://www.jobkorea.co.kr//Recruit/GI_Read/43324849?Oem_Code=C1&logpath=1&stext=&listno=108
한화파워시스템㈜,[에너지부문] 해외대 석/박사 R&D 채용,신입·경력,경기 성남시,"주문형 압축기 개발, 기본설계, 시스템설계, 제어시스템 개발",~11/26(일),https://www.jobkorea.co.kr//Recruit/GI_Read/43324811?Oem_Code=C1&logpath=1&stext=&listno=109
이너버스,IT 보안 소프트웨어 QA (신입 및 경력),신입·경력2년↑,서울 영등포구,"솔루션, 소프트웨어개발",~12/14(목),https://www.jobkorea.co.kr//Recruit/GI_Read/43324255?Oem_Code=C1&logpath=1&stext=&listno=110
이너버스,IT 보안 소프트웨어 기획 (신입/경력),신입·경력2년↑,서울 영등포구,"솔루션, 콘텐츠기획, 스토리보드, 서비스기획, 소프트웨어개발",상시채용,https://www.jobkorea.co.kr//Recruit/GI_Read/43324249?Oem_Code=C1&logpath=1&stext=&listno=111
이너버스,IT보안 - SIEM 솔루션 기술 엔지니어 (신입/경력),신입,서울 영등포구,"솔루션영업, 솔루션, 보안관제, 데이터분석, 정보보안, 기술지원",상시채용,https://www.jobkorea.co.kr//Recruit/GI_Read/43324233?Oem_Code=C1&logpath=1&stext=&listno=112
삼보모터스,2023 하반기 삼보모터스 개발2팀 신입/경력 채용,신입·경력,대구 달서구 외,"자동차부품, 자동차",~11/24(금),https://www.jobkorea.co.kr//Recruit/GI_Read/43323675?Oem_Code=C1&logpath=1&stext=&listno=113
에스케이매직,Data Scientist 인턴 모집,신입,서울 종로구,"cs 케이스 예측, 데이터분석, Voc 분석 자동화",~11/21(화),https://www.jobkorea.co.kr//Recruit/GI_Read/43323379?Oem_Code=C1&logpath=1&stext=&listno=114
㈜트윔,[면접비 지급] 검사 운영자(공정엔지니어) 영입(H/W),신입·경력2년↑,경기 화성시 외,"검증, 정보통신, LCD, 디스플레이, 자동화라인",~12/14(목),https://www.jobkorea.co.kr//Recruit/GI_Read/43323304?Oem_Code=C1&logpath=1&stext=&listno=115
㈜이스트게임즈,MMORPG 3D 배경 에셋 제작/캐릭터 모델링 디자이너,신입·경력,서울 서초구 외,"3DSmax, ue4, ZBRUSH, 배경, 애니메이션, 모델링, MMORPG",~01/13(토),https://www.jobkorea.co.kr//Recruit/GI_Read/43321677?Oem_Code=C1&logpath=1&stext=&listno=116
한화시스템㈜/방산,MRO IT기획 경력사원 채용,신입·경력,서울 중구 외,"전기설계, 솔루션영업, 자동제어, 전기회로, 기구설계, 제어",~11/30(목),https://www.jobkorea.co.kr//Recruit/GI_Read/43321092?Oem_Code=C1&logpath=1&stext=&listno=117
㈜대동모빌리티,2023년 하반기 각 부문 정규직 채용,신입·경력,경기 안성시 외,"관리회계, 부가세신고, 상품입출고, 생산기술, 창고관리, PCB, SI개발, 4대보험, 거래처관리, 기구설계, 재무회계, 조립, 펌웨어, 더존, 시장조사, 식품MD, 품질보증, A·S수리, 기술지원, 생산관리",~11/26(일),https://www.jobkorea.co.kr//Recruit/GI_Read/43318353?Oem_Code=C1&logpath=1&stext=&listno=118
롯데캐피탈㈜,롯데캐피탈㈜ 2023년 11월 롯데캐피탈 신입사원 채용 일반전형,신입·경력,서울 강남구,"전산입력, 펌웨어, 시장조사, 자료조사, SI개발, 시장조사, 금융, 시스템분석, 시스템운영, 데이터분석, 서버관리, 시스템운영, 서버구축, 시스템분석, 네트워크관리, 보안관제, 상품기획, 시스템설계, 전략기획, 신용분석",~11/22(수),https://www.jobkorea.co.kr//Recruit/GI_Read/43312932?Oem_Code=C1&logpath=1&stext=&listno=119
㈜인지소프트,인지소프트 17기 하반기 공채,신입·경력1년↑,서울 강남구,"네트워크관리, C++, 기업홍보, SI개발, 거래처관리, 라이센싱, 솔루션영업, 옥외광고, 펌웨어, IMC, 브랜드기획, 검증, 임베디드, java Script, SI개발, 솔루션, 영업기획, 프로모션, 회로설계, C#",~11/26(일),https://www.jobkorea.co.kr//Recruit/GI_Read/43303151?Oem_Code=C1&logpath=1&stext=&listno=120
후성홀딩스㈜,2024년도 후성그룹 대졸 신입/경력사원 공개채용,신입·경력,경기 성남시 외,"관리회계, 메카트로닉스, 전산입력, 제품개발, 기업홍보, 사이트관리, 신소재, 거래처관리, 재무회계, 회로설계, 제어·설계, 연구·실험·기술, 유지보수, 임베디드, 품질보증, 신소재, 납품영업, 생산관리, 영업기획, 품질보증",~11/22(수),https://www.jobkorea.co.kr//Recruit/GI_Read/43286950?Oem_Code=C1&logpath=1&stext=&listno=121
㈜솔라테크,하반기 부문별 채용공고 : 태양광/EPC/사업기획/공사관리 외주구매/구조검토/마케팅/인사총무/재무회계/사업확장 채용/ 근무지:광명,신입·경력,경기 광명시 외,"관리회계, 전산입력, 철골, 재무회계, 회로설계, 제어·설계, 복리후생, 브랜드기획, 프로모션, SNS마케팅, 비품관리, 영업기획, 키워드광고, 프로모션, EPC, 구조설계, 문서관리, 카페·블로그관리, 브랜드기획, 신사업기획",~12/10(일),https://www.jobkorea.co.kr//Recruit/GI_Read/43314467?Oem_Code=C1&logpath=1&stext=&listno=122
우아한청년들,[우아한청년들] 신입 인재 모집,신입,서울 송파구,"데이터분석, 시스템운영, 유통, 물류, 운영관리",~11/23(목),https://www.jobkorea.co.kr//Recruit/GI_Read/43299892?Oem_Code=C1&logpath=1&stext=&listno=123
한국타이어앤테크놀로지,[R&D] IT Infra 구축,신입,대전 유성구,"R&D, 시스템설계",~01/01(월),https://www.jobkorea.co.kr//Recruit/GI_Read/43318134?Oem_Code=C1&logpath=1&stext=&listno=124
㈜인스웨이브시스템즈,[정규직] Back-End 프레임워크 솔루션 기술지원 및 유지보수 채용,신입·경력,서울 강서구,"솔루션, 서버관리, 아키텍처, 소프트웨어개발",~12/13(수),https://www.jobkorea.co.kr//Recruit/GI_Read/43313742?Oem_Code=C1&logpath=1&stext=&listno=125
㈜핸디소프트,[소프트웨어부문] 클라우드 서비스 운영자 채용,신입·경력1년↑,경기 안양시,"모바일앱개발, 솔루션, 네트워크관리, 시스템운영, 시스템운영, 시스템분석, 네트워크관리, 서버관리, 소프트웨어개발",~01/12(금),https://www.jobkorea.co.kr//Recruit/GI_Read/43312761?Oem_Code=C1&logpath=1&stext=&listno=126
㈜TPC메카트로닉스,제조업 전산 IT 운영담당자 채용,신입·경력3년↑,인천 서구 외,"네트워크관리, 시스템운영, 시스템분석",~01/12(금),https://www.jobkorea.co.kr//Recruit/GI_Read/43312562?Oem_Code=C1&logpath=1&stext=&listno=127
㈜재능이아카데미,[재능그룹] JEI 재능이아카데미 웹 개발자 채용공고,신입·경력,서울 종로구,"모바일앱개발, 회원관리시스템, JavaScript, jquery, DBMS, MS-SQL, Nodejs, Android, WEB개발, asp, 모바일앱, ClassicASP, AJAX, IOS, mobileapp, Webview, 소프트웨어개발",~11/27(월),https://www.jobkorea.co.kr//Recruit/GI_Read/43312218?Oem_Code=C1&logpath=1&stext=&listno=128
㈜신도리코,[신도리코] 2024년도 채용연계형 인턴 및 경력직 모집,신입·경력,서울 성동구,"A·S수리, 기술지원, 장비영업, 설치, 거래처관리, 유지보수, 인쇄기계",~11/27(월),https://www.jobkorea.co.kr//Recruit/GI_Read/43311739?Oem_Code=C1&logpath=1&stext=&listno=129
대성산업㈜,대성산업(주) 각 부문별 신입/경력 수시채용,신입·경력,경북 문경시 외,"기구설계, 기술영업, 금형설계, 에너지, 전기설계",~11/26(일),https://www.jobkorea.co.kr//Recruit/GI_Read/43310243?Oem_Code=C1&logpath=1&stext=&listno=130
㈜리노커뮤니케이션즈,[리노컴즈] 2023 퍼블리셔 공개채용,신입·경력2년↑,서울 송파구 외,"웹표준·웹접근성, GUI, 반응형웹, 웹마스터, 웹에이전시",~12/13(수),https://www.jobkorea.co.kr//Recruit/GI_Read/43309728?Oem_Code=C1&logpath=1&stext=&listno=131
글루온아이앤에스,글루온아이앤에스 IT컨설턴트 / 업무지원 [인턴사원/경력] 사원 채용합니다.,신입·경력,서울,"네트워크관리, 전산입력, 데이터관리, 사이트관리, Adobe, SI개발, 거래처관리, 라이센싱, 솔루션영업, 데이터분석, 자료조사, 자료조사, JavaScript, SI개발, 납품영업, 네트워크보안, 솔루션, 영업기획, 행정, DBMS",~11/30(목),https://www.jobkorea.co.kr//Recruit/GI_Read/43309700?Oem_Code=C1&logpath=1&stext=&listno=132
㈜리노커뮤니케이션즈,[리노컴즈] 2023 웹개발 공개채용,신입·경력2년↑,서울 송파구 외,웹에이전시,~12/13(수),https://www.jobkorea.co.kr//Recruit/GI_Read/43309592?Oem_Code=C1&logpath=1&stext=&listno=133
㈜펄어비스,2024 QA Beginner 인턴십 모집,신입·경력,경기 과천시,"업무 지원, 밸런스 테스트 진행, 온라인 게임 테스트, 모바일 게임 테스트, MMORPG",~11/27(월),https://www.jobkorea.co.kr//Recruit/GI_Read/43308961?Oem_Code=C1&logpath=1&stext=&listno=134
㈜가비아,2023년 하반기 가비아 인턴/경력 공개채용,신입·경력,경기 성남시 외,"네트워크관리, GUI, 솔루션스아키텍트, 시스템영업, 시스템운영, 기술영업, 방화벽, 사업기획, 서버구축, 시스템분석, 보안관제, 시스템설계, 인터페이스, 전략기획, 네트워크관리, 정보보안, 클라우드개발자, 반응형웹, 기술지원, 네트워크영업",~12/03(일),https://www.jobkorea.co.kr//Recruit/GI_Read/43296983?Oem_Code=C1&logpath=1&stext=&listno=135
지니언스(주),기술연구소 개발직 인턴을 모집합니다,신입,경기 안양시 외,"네트워크보안, 보안소프트웨어, 정보보안",~12/29(금),https://www.jobkorea.co.kr//Recruit/GI_Read/43308302?Oem_Code=C1&logpath=1&stext=&listno=136
㈜컴퓨존,퍼블리싱팀 신입/경력 채용,신입·경력,서울 용산구,"B2B, GUI, 웹표준·웹접근성, B2C, 상품기획, GUI, 전자상거래, 전자제품대리점, 하드웨어, 반응형웹, 앱기획, UI·UX기획, 웹마스터, 콘텐츠기획, 쇼핑몰, 인터페이스, 오픈마켓, 소셜커머스, 반응형웹, 서비스기획",~11/26(일),https://www.jobkorea.co.kr//Recruit/GI_Read/43302627?Oem_Code=C1&logpath=1&stext=&listno=137
쿠도커뮤니케이션㈜,2024년 신입사원 공개채용,신입·경력,서울 서초구,"네트워크관리, 모바일앱개발, OLAP개발자, 데이터관리, 거래처관리, 솔루션영업, 수출입계약, 펌웨어, SI개발, 영업기획, 장비영업, 행정, 문서관리, 시스템영업, 해외마케팅, 수출입관리, 네트워크관리, 수출입계약, 서버관리, 영업전략",~11/24(금),https://www.jobkorea.co.kr//Recruit/GI_Read/43301627?Oem_Code=C1&logpath=1&stext=&listno=138
SK쉴더스㈜,Cloud 보안 분야 신입/경력직 채용,신입·경력,경기 성남시 외,"네트워크보안, 방화벽, IDS, 보안관제, 네트워크관리, 정보보안, 보안컨설팅, 정보보안",~11/26(일),https://www.jobkorea.co.kr//Recruit/GI_Read/43305685?Oem_Code=C1&logpath=1&stext=&listno=139
㈜지아이티,현대자동차 그룹 (주)지아이티 하반기 대규모 수시채용,신입·경력,서울 송파구,"관리회계, 전기설계, 수소차, 거래처관리, 캐드원, 부가세신고, 데이터분석, 전기차, 영업기획, 전자, 행정, 검증, 시스템설계, 해외마케팅, 회로설계, DRM, 수출입계약, Hardware, 3D설계, 가맹점관리",~11/24(금),https://www.jobkorea.co.kr//Recruit/GI_Read/43292043?Oem_Code=C1&logpath=1&stext=&listno=140
㈜윈스,2024 ㈜윈스 신입&경력 공개채용,신입·경력,경기 성남시 외,"정보디자인, GUI, ISMS, 솔루션영업, SI개발, 네트워크보안, 영업기획, 테스터, 행정, 시스템영업, 웹마스터, 네트워크관리, 수출입계약, 시스템운영, 모바일디자인, 서버관리, 영업전략, 기술영업, 방화벽, 서버구축",~11/21(화),https://www.jobkorea.co.kr//Recruit/GI_Read/43296241?Oem_Code=C1&logpath=1&stext=&listno=141
샘표식품㈜,2023 샘표식품 각 부문 수시채용,신입·경력,경기 이천시 외,"정보디자인, 패키지디자인, 복리후생, 안전평가, 고객경험관리, 거래처관리, 식품MD, 품질보증, 미생물, 원격상담, 납품영업, 생산관리, 영업기획, 품질보증, 건강식품연구, PL, 검증, 물류센터, 플랜트, 민원상담",~11/21(화),https://www.jobkorea.co.kr//Recruit/GI_Read/43277745?Oem_Code=C1&logpath=1&stext=&listno=142
㈜지어소프트,[지어소프트] 전략사업팀 기획인력 채용,신입·경력,서울 종로구 외,"모바일앱개발, BigData, SI개발, 펌웨어, 데이터분석, 솔루션, Back-end, 네트워크관리, 시스템운영, 제안·컨설팅, SI, 서버구축, 시스템분석, 앱기획, web, UI·UX기획, 콘텐츠기획, 시스템설계, 스토리보드, app",~12/27(수),https://www.jobkorea.co.kr//Recruit/GI_Read/43296941?Oem_Code=C1&logpath=1&stext=&listno=143
라온시큐어㈜,2023년 라온시큐어 각 부문 신입 및 경력 채용,신입·경력,서울 영등포구,"모바일앱개발, 소프트웨어개발, 솔루션, 경영기획, 문화기획, UI·UX기획, 카페·블로그관리, 키워드광고, SNS마케팅, 서버관리, 클라이언트, HTTP, SI개발, GUI, 반응형웹, 인터페이스, 암호화폐, 인터페이스, 핀테크, SI개발",~11/23(목),https://www.jobkorea.co.kr//Recruit/GI_Read/43284185?Oem_Code=C1&logpath=1&stext=&listno=144
㈜자비스,판교중앙연구소 검사팀 SW 개발 엔지니어 모집,신입·경력2년↑,경기 성남시 외,"영상 처리, 비전, 자동제어, 전자, 알고리즘",~12/10(일),https://www.jobkorea.co.kr//Recruit/GI_Read/43302529?Oem_Code=C1&logpath=1&stext=&listno=145
㈜투이컨설팅,금융 부문 프로젝트관리 컨설팅 Assistant(인턴) 모집,신입,서울 영등포구,"하드웨어, 유지보수",~11/24(금),https://www.jobkorea.co.kr//Recruit/GI_Read/43301202?Oem_Code=C1&logpath=1&stext=&listno=146
㈜인콘,"[경력] 영상 관제 솔루션 개발자 모집 (C#, Visual C++, MS-SQL)",신입·경력3년↑,서울 강남구,"네트워크관리, 솔루션영업, 시스템영업, 기술영업, 시스템운영, 하드웨어, 네트워크관리, 서버구축, 기술지원, 네트워크영업, 컴퓨터, AS, 유지보수",~12/10(일),https://www.jobkorea.co.kr//Recruit/GI_Read/43299967?Oem_Code=C1&logpath=1&stext=&listno=147
㈜링네트,하반기 신입사원 공채 (네트워크 엔지니어/영업),신입,서울 구로구,"네트웍구축, 방화벽, 네트워크관리, 보안관제, 정보보안",~11/27(월),https://www.jobkorea.co.kr//Recruit/GI_Read/43299290?Oem_Code=C1&logpath=1&stext=&listno=148
㈜케이엑스넥스지,"주식회사 케이엑스넥스지 기술지원본부 (네트워크보안, VPN 방화벽구축 및 유지보수 등) 신입/경력 채용",신입·경력,서울 강동구,"방화벽, 네트워크관리, 정보보안",~01/09(화),https://www.jobkorea.co.kr//Recruit/GI_Read/43299890?Oem_Code=C1&logpath=1&stext=&listno=149
㈜케이엑스넥스지,(주)케이엑스넥스지 네트워크보안 S/W 개발자(분야별) 신입/경력 채용,신입·경력,서울 강동구,"네트워크관리, IDC, 네트웍구축, 시스템운영, 방화벽, 네트워크관리, 네트워크관리, 통신, 서버구축",~01/09(화),https://www.jobkorea.co.kr//Recruit/GI_Read/43299877?Oem_Code=C1&logpath=1&stext=&listno=150
㈜세종아이티엘,하반기 신입사원 공채 (네트워크 엔지니어),신입,서울 구로구,"GUI, GUI, 시스템운영, 프랜차이즈, 반응형웹, 네트워크관리, 식품, 웹마스터, 음식료, 인터페이스, 카페, 반응형웹",~11/27(월),https://www.jobkorea.co.kr//Recruit/GI_Read/43299474?Oem_Code=C1&logpath=1&stext=&listno=151
㈜앤하우스,[메가MGC커피] DX팀 IT 운영 및 지원 담당자 채용 (사원/주임급),신입,서울 강남구,"네트워크관리, 네트워크관리, 방화벽, 시스템분석, 네트워크관리, 보안소프트웨어, 정보보안",~12/10(일),https://www.jobkorea.co.kr//Recruit/GI_Read/43298751?Oem_Code=C1&logpath=1&stext=&listno=152
펜타시큐리티㈜,[펜타시큐리티] 해외 기술지원 컨설턴트 담당자 모집,신입·경력7년↑,서울 영등포구,"정밀광학, LCD, 디스플레이, 디스플레이, 반도체·LCD, LED",~01/01(월),https://www.jobkorea.co.kr//Recruit/GI_Read/43283226?Oem_Code=C1&logpath=1&stext=&listno=153
참엔지니어링㈜,"영상처리(Vision) 개발 인재 채용(C++, C# )",신입·경력3년↑,경기 용인시,"후공정검사, 시스템설계",~12/10(일),https://www.jobkorea.co.kr//Recruit/GI_Read/43296417?Oem_Code=C1&logpath=1&stext=&listno=154
야스,검사시스템팀 신입/경력사원 채용,신입·경력,경기 파주시,"PCB, GUI, 회로설계",~11/30(목),https://www.jobkorea.co.kr//Recruit/GI_Read/43296062?Oem_Code=C1&logpath=1&stext=&listno=155
오리온테크놀리지,(주)오리온테크놀리지 연구소 설계 담당 채용,신입·경력,경북 김천시 외,"건축설계, 메카트로닉스, 제품개발, 가스점검, 빅데이터, 금속·철강, 컴플라이언스, 제어·설계, 캐드원, 품질보증, 신소재, 생산관리, 장비영업, 검증, 해외마케팅, 에너지, 중국어, 토목, 환경, 신소재",~12/10(일),https://www.jobkorea.co.kr//Recruit/GI_Read/43295603?Oem_Code=C1&logpath=1&stext=&listno=156
현대제철주식회사,2023년 현대제철 신규채용,신입·경력,경기 성남시 외,"라이프가드, 소방안전관리, 영업분석, 윤리경영, 호텔객실 예약, 호텔, 호텔리어, 경영기획, 서비스기획, 앱기획, 콘텐츠기획, 전략기획, 디지털마케팅, 상품기획, VMD, 데이터분석, 보안관제, 정보보안, DID, 영업기획",~11/22(수),https://www.jobkorea.co.kr//Recruit/GI_Read/43270257?Oem_Code=C1&logpath=1&stext=&listno=157
글래드 호텔앤리조트㈜ 메종 글래드 제주,[글래드호텔앤리조트] 부문별 신입 및 경력 직원 채용,신입·경력1년↑,제주 제주시 외,"모바일앱개발, 데이터분석, 솔루션, 시스템분석, SW개발, 앱기획, SI개발, 콘텐츠기획, SI개발, 시스템설계, 서비스기획, Java, 소프트웨어개발",~11/22(수),https://www.jobkorea.co.kr//Recruit/GI_Read/43280148?Oem_Code=C1&logpath=1&stext=&listno=158
㈜씨유홀딩스,JAVA 웹.앱 소프트웨어 개발 신입사원 모집,신입,서울 성동구 외,"데이터관리, Python, WEB/WAS, Windows, 플랫폼, kubernetes",~11/30(목),https://www.jobkorea.co.kr//Recruit/GI_Read/43290102?Oem_Code=C1&logpath=1&stext=&listno=159
엔아이티서비스㈜,[네이버계열사][NIT Service] NAVER/LINE 서비스 공통 플랫폼 운영,신입,경기 성남시,,~12/09(토),https://www.jobkorea.co.kr//Recruit/GI_Read/43294091?Oem_Code=C1&logpath=1&stext=&listno=160
㈜엑스큐어넷,소프트웨어 기술지원 엔지니어 채용,신입·경력1년↑,서울 은평구,"펌웨어, 네트워크보안, 네트워크관리, 시스템운영, 시스템운영, 방화벽, 서버구축, 시스템분석, 네트워크관리, 보안관제, 네트워크관리, 보안소프트웨어, 정보보안, 서버구축, 보안컨설팅, 정보보안",~01/08(월),https://www.jobkorea.co.kr//Recruit/GI_Read/43292703?Oem_Code=C1&logpath=1&stext=&listno=161
㈜클라우드네트웍스,[클라우드네트웍스] IT 기술영업 인턴십 모집 (채용연계),신입,서울 강남구,"네트웍구축, 네트워크관리, 기술영업, 네트워크영업, 솔루션영업, 시스템영업",~12/09(토),https://www.jobkorea.co.kr//Recruit/GI_Read/43292238?Oem_Code=C1&logpath=1&stext=&listno=162
㈜아이패밀리SC,㈜아이패밀리에스씨 기술연구소 프론트엔드개발자 (React개발) 채용,신입·경력,서울 송파구,"화장품, GUI, SI개발, 메이크업, 서버관리, 인터페이스, 반응형웹, 클라이언트, 핀테크, HTTP",~12/09(토),https://www.jobkorea.co.kr//Recruit/GI_Read/43292134?Oem_Code=C1&logpath=1&stext=&listno=163
㈜지란지교소프트,[기술지원] 오피스웨어비즈그룹 - 보안솔루션 운영 및 기술지원 엔지니어 인턴 채용,신입·경력,경기 성남시,기술지원,~12/31(일),https://www.jobkorea.co.kr//Recruit/GI_Read/43290529?Oem_Code=C1&logpath=1&stext=&listno=164
㈜디알젬,(주)디알젬 소프트웨어연구소 신입/경력사원 모집,신입·경력3년↑,경기 광명시 외,"데이터관리, LeadTool, 의료영상, dcmtk, 영상처리, FPD, PACS, CARM",~01/08(월),https://www.jobkorea.co.kr//Recruit/GI_Read/43288144?Oem_Code=C1&logpath=1&stext=&listno=165
㈜동아엘텍,각 부문별 신입 및 경력직 채용 [회계 / 소프트웨어 개발 / 기구/전장설계],신입·경력2년↑,경기 안양시 외,"관리회계, 부가세신고, 4대보험, 기구설계, 재무회계, 더존, 제품개발, 시스템분석, 3D설계, 재무회계, 기업회계, 결산, 계산서발행, 클라이언트, SI개발, 결산, 제어·설계, 디스플레이, 시스템설계, 전표입력",~12/09(토),https://www.jobkorea.co.kr//Recruit/GI_Read/43272927?Oem_Code=C1&logpath=1&stext=&listno=166
㈜투비소프트,[㈜투비소프트] 자사제품 Framework 개발,신입·경력,서울 강남구,"솔루션, 소프트웨어개발",~12/09(토),https://www.jobkorea.co.kr//Recruit/GI_Read/43287123?Oem_Code=C1&logpath=1&stext=&listno=167
㈜데브존,C# 개발자 정규직 채용,신입·경력2년↑,서울 양천구 외,"어플리케이션 개발자, 외주개발, C# 개발, 주문형 프로그램, ㈜데브존",~11/25(토),https://www.jobkorea.co.kr//Recruit/GI_Read/43278663?Oem_Code=C1&logpath=1&stext=&listno=168
㈜엘앤에프,(주)엘앤에프 각 부문별 신입/경력사원 공개채용,신입·경력1년↑,대구 달서구 외,"전기설비, 에너지, 연구·실험·기술, 화학, 신소재, 화학·섬유, 에너지, R&D, 보안관제, 네트워크관리, 정보보안",~11/22(수),https://www.jobkorea.co.kr//Recruit/GI_Read/43283722?Oem_Code=C1&logpath=1&stext=&listno=169
테크로스,2023년 9차 공개채용(설계),신입·경력,부산 강서구,"시스템설계, 선사영업",~11/29(수),https://www.jobkorea.co.kr//Recruit/GI_Read/43283395?Oem_Code=C1&logpath=1&stext=&listno=170
테크로스,2023년 9차 공개채용(영업-해외선주사/선박관리사 대상 BWMS 및 신사업영업),신입·경력,부산 강서구,"시스템설계, 선사영업",~11/29(수),https://www.jobkorea.co.kr//Recruit/GI_Read/43283353?Oem_Code=C1&logpath=1&stext=&listno=171
테크로스,2023년 9차 공개채용,신입·경력,부산 강서구 외,"시스템설계, 선사영업",~11/29(수),https://www.jobkorea.co.kr//Recruit/GI_Read/43283312?Oem_Code=C1&logpath=1&stext=&listno=172
롯데바이오로직스,[Engineering] Open Innovation Internship(전기설계),신입·경력,인천 연수구,"건축설계, HVAC, EPC, 모델링, 공사관리, 토목설계, 전기설계, 시스템설계, 자동제어, 공정개발",상시채용,https://www.jobkorea.co.kr//Recruit/GI_Read/43282383?Oem_Code=C1&logpath=1&stext=&listno=173
롯데바이오로직스,[Engineering] Open Innovation Internship(안전환경),신입·경력,인천 연수구,"건축설계, HVAC, EPC, 모델링, 공사관리, 토목설계, 전기설계, 시스템설계, 자동제어, 공정개발",상시채용,https://www.jobkorea.co.kr//Recruit/GI_Read/43282374?Oem_Code=C1&logpath=1&stext=&listno=174
롯데바이오로직스,[Engineering] Open Innovation Internship(토목/건축설계),신입·경력,인천 연수구,"건축설계, HVAC, EPC, 모델링, 공사관리, 토목설계, 전기설계, 시스템설계, 자동제어, 공정개발",상시채용,https://www.jobkorea.co.kr//Recruit/GI_Read/43282368?Oem_Code=C1&logpath=1&stext=&listno=175
롯데바이오로직스,[Engineering] Open Innovation Internship(제어설계),신입·경력,인천 연수구,"건축설계, HVAC, EPC, 모델링, 공사관리, 토목설계, 전기설계, 시스템설계, 자동제어, 공정개발",상시채용,https://www.jobkorea.co.kr//Recruit/GI_Read/43282363?Oem_Code=C1&logpath=1&stext=&listno=176
롯데바이오로직스,[Engineering] Open Innovation Internship(기계설계),신입·경력,인천 연수구,"건축설계, HVAC, EPC, 모델링, 공사관리, 토목설계, 전기설계, 시스템설계, 자동제어, 공정개발",상시채용,https://www.jobkorea.co.kr//Recruit/GI_Read/43282357?Oem_Code=C1&logpath=1&stext=&listno=177
롯데바이오로직스,[Engineering] Open Innovation Internship(Utility 설계),신입·경력,인천 연수구,"건축설계, HVAC, EPC, 모델링, 공사관리, 토목설계, 전기설계, 시스템설계, 자동제어, 공정개발",상시채용,https://www.jobkorea.co.kr//Recruit/GI_Read/43282349?Oem_Code=C1&logpath=1&stext=&listno=178
롯데바이오로직스,[Engineering] Open Innovation Internship(공정설계 USP(Upstream)),신입·경력,인천 연수구,"건축설계, HVAC, EPC, 모델링, 공사관리, 토목설계, 전기설계, 시스템설계, 자동제어, 공정개발",상시채용,https://www.jobkorea.co.kr//Recruit/GI_Read/43282340?Oem_Code=C1&logpath=1&stext=&listno=179
롯데바이오로직스,[Engineering] Open Innovation Internship(공정설계 DSP(Downstream)),신입·경력,인천 연수구,"건축설계, HVAC, EPC, 모델링, 공사관리, 토목설계, 전기설계, 시스템설계, 자동제어, 공정개발",상시채용,https://www.jobkorea.co.kr//Recruit/GI_Read/43282334?Oem_Code=C1&logpath=1&stext=&listno=180
롯데바이오로직스,[Engineering] Open Innovation Internship(HVAC설계),신입·경력,인천 연수구,"건축설계, HVAC, EPC, 모델링, 공사관리, 토목설계, 전기설계, 시스템설계, 자동제어, 공정개발",상시채용,https://www.jobkorea.co.kr//Recruit/GI_Read/43282324?Oem_Code=C1&logpath=1&stext=&listno=181
롯데바이오로직스,[Engineering] Open Innovation Internship(Automation),신입·경력,인천 연수구,"건축설계, HVAC, EPC, 모델링, 공사관리, 토목설계, 전기설계, 시스템설계, 자동제어, 공정개발",상시채용,https://www.jobkorea.co.kr//Recruit/GI_Read/43282318?Oem_Code=C1&logpath=1&stext=&listno=182
롯데바이오로직스,[Engineering] Open Innovation Internship(PCM(Project Control Management)),신입·경력,인천 연수구,"건축설계, HVAC, EPC, 모델링, 공사관리, 토목설계, 전기설계, 시스템설계, 자동제어, 공정개발",상시채용,https://www.jobkorea.co.kr//Recruit/GI_Read/43282310?Oem_Code=C1&logpath=1&stext=&listno=183
롯데바이오로직스,[Engineering] Open Innovation Internship,신입·경력,인천 연수구,"건축설계, HVAC, EPC, 모델링, 공사관리, 토목설계, 전기설계, 시스템설계, 자동제어, 공정개발",상시채용,https://www.jobkorea.co.kr//Recruit/GI_Read/43282296?Oem_Code=C1&logpath=1&stext=&listno=184
롯데바이오로직스,[IT] Open Innovation Internship(CSV),신입·경력,서울 송파구,"MDM, 시스템운영, 인프라구축, PI, 시스템설계, SAP, 정보보안",상시채용,https://www.jobkorea.co.kr//Recruit/GI_Read/43282154?Oem_Code=C1&logpath=1&stext=&listno=185
롯데바이오로직스,[IT] Open Innovation Internship(인프라/보안구축),신입·경력,서울 송파구,"MDM, 시스템운영, 인프라구축, PI, 시스템설계, SAP, 정보보안",상시채용,https://www.jobkorea.co.kr//Recruit/GI_Read/43282144?Oem_Code=C1&logpath=1&stext=&listno=186
롯데바이오로직스,[IT] Open Innovation Internship(EAM),신입·경력,서울 송파구,"MDM, 시스템운영, 인프라구축, PI, 시스템설계, SAP, 정보보안",상시채용,https://www.jobkorea.co.kr//Recruit/GI_Read/43282136?Oem_Code=C1&logpath=1&stext=&listno=187
롯데바이오로직스,[IT] Open Innovation Internship(QA System),신입·경력,서울 송파구,"MDM, 시스템운영, 인프라구축, PI, 시스템설계, SAP, 정보보안",상시채용,https://www.jobkorea.co.kr//Recruit/GI_Read/43282126?Oem_Code=C1&logpath=1&stext=&listno=188
롯데바이오로직스,[IT] Open Innovation Internship(PI),신입·경력,서울 송파구,"MDM, 시스템운영, 인프라구축, PI, 시스템설계, SAP, 정보보안",상시채용,https://www.jobkorea.co.kr//Recruit/GI_Read/43282111?Oem_Code=C1&logpath=1&stext=&listno=189
롯데바이오로직스,[IT] Open Innovation Internship(MDM),신입·경력,서울 송파구,"MDM, 시스템운영, 인프라구축, PI, 시스템설계, SAP, 정보보안",상시채용,https://www.jobkorea.co.kr//Recruit/GI_Read/43282103?Oem_Code=C1&logpath=1&stext=&listno=190
롯데바이오로직스,[IT] Open Innovation Internship(LIMS & ELN),신입·경력,서울 송파구,"MDM, 시스템운영, 인프라구축, PI, 시스템설계, SAP, 정보보안",상시채용,https://www.jobkorea.co.kr//Recruit/GI_Read/43282092?Oem_Code=C1&logpath=1&stext=&listno=191
롯데바이오로직스,[IT] Open Innovation Internship(Lab System),신입·경력,서울 송파구,"MDM, 시스템운영, 인프라구축, PI, 시스템설계, SAP, 정보보안",상시채용,https://www.jobkorea.co.kr//Recruit/GI_Read/43282065?Oem_Code=C1&logpath=1&stext=&listno=192
롯데바이오로직스,[IT] Open Innovation Internship(SAP(FI/CO/WM/MM/QM/PP)),신입·경력,서울 송파구,"SAP, 인프라구축, MDM, PI, 시스템설계, 시스템운영, 정보보안",상시채용,https://www.jobkorea.co.kr//Recruit/GI_Read/43282047?Oem_Code=C1&logpath=1&stext=&listno=193
롯데바이오로직스,[IT] Open Innovation Internship,신입·경력,서울 송파구,"SAP, 인프라구축, MDM, PI, 시스템설계, 시스템운영, 정보보안",상시채용,https://www.jobkorea.co.kr//Recruit/GI_Read/43282035?Oem_Code=C1&logpath=1&stext=&listno=194
유니위스㈜,백화점 쇼핑몰 JAVA/JSP 운영개발 엔지니어 채용,신입·경력1년↑,서울 강남구 외,"모바일앱개발, SM, SI, 인터페이스",~11/22(수),https://www.jobkorea.co.kr//Recruit/GI_Read/43281970?Oem_Code=C1&logpath=1&stext=&listno=195
콘티넨탈 코리아,콘티넨탈 코리아 23년 4분기 수시채용(신입/경력),신입·경력,세종 전지역 외,"건축설계, 메카트로닉스, 생산기술, 제품개발, 기구설계, 회로설계, 연구·실험·기술, 캐드원, 데이터분석, 시스템운영, 전기·전자, PM, 3D설계, 기술영업, 정보보안, 시스템분석, 장비영업, 콘티넨탈오토모티브코리아, 금형설계, 메카트로닉스",상시채용,https://www.jobkorea.co.kr//Recruit/GI_Read/43281643?Oem_Code=C1&logpath=1&stext=&listno=196
펜타시큐리티㈜,[펜타시큐리티] DB보안솔루션 기업영업 담당자 모집,신입·경력1년↑,서울 영등포구,"솔루션영업, 시스템영업, 기술영업, 방화벽, 보안소프트웨어, 정보보안, 기술지원, 네트워크영업, 국내영업",~01/01(월),https://www.jobkorea.co.kr//Recruit/GI_Read/43278147?Oem_Code=C1&logpath=1&stext=&listno=197
㈜피노텍,JAVA/JSP 웹서비스 개발/운영,신입·경력1년↑,서울 서초구,"모바일앱개발, 솔루션, 소프트웨어개발",~12/08(금),https://www.jobkorea.co.kr//Recruit/GI_Read/43281546?Oem_Code=C1&logpath=1&stext=&listno=198
㈜휴니드테크놀러지스,(주)휴니드테크놀러지스 연구소 신입사원 채용(HW개발),신입,인천 연수구 외,"검증, 시스템설계, 회로설계, 시스템분석, DHW, 펌웨어",~12/08(금),https://www.jobkorea.co.kr//Recruit/GI_Read/43281425?Oem_Code=C1&logpath=1&stext=&listno=199
㈜데이타솔루션,[중견기업/IT계열] 데이타솔루션 클라우드 아키텍트 채용 공고,신입·경력,서울 강남구,"솔루션, BI, asp, 클라우드아키텍트, 소프트웨어개발",~01/07(일),https://www.jobkorea.co.kr//Recruit/GI_Read/43280717?Oem_Code=C1&logpath=1&stext=&listno=200
㈜에이치시티,23년 11월 사내프로그램 개발 및 유지보수 분야(JAVA) 신입/경력사원 모집,신입·경력,경기 이천시,"홈페이지유지보수, IT개발업무",~12/29(금),https://www.jobkorea.co.kr//Recruit/GI_Read/43279095?Oem_Code=C1&logpath=1&stext=&listno=201
㈜에이치시티,23년 11월 자동화S/W개발분야(LabView) 신입사원 모집,신입,경기 이천시,자동화프로그램개발,~12/29(금),https://www.jobkorea.co.kr//Recruit/GI_Read/43278806?Oem_Code=C1&logpath=1&stext=&listno=202
㈜에이치시티,23년 11월 QA분야 신입/경력사원 채용,신입·경력,경기 이천시,"품질시스템 업무, 검증",~11/30(목),https://www.jobkorea.co.kr//Recruit/GI_Read/43278065?Oem_Code=C1&logpath=1&stext=&listno=203
㈜브이원텍,"AI 프로젝트 & 모델, 엔진 개발자 모집 (신입/경력)",신입·경력1년↑,경기 수원시,"딥러닝, AI",~12/08(금),https://www.jobkorea.co.kr//Recruit/GI_Read/43277372?Oem_Code=C1&logpath=1&stext=&listno=204
엔에이치엔케이씨피㈜,NHN KCP PG서비스 개발 및 운영(C언어),신입·경력1년↑,서울 구로구,"모바일, 모바일App, 스마트폰, 아이폰, 안드로이드, 문서관리, 문서작성, 재무기획, 재무회계, 시스템운영, 네트워크관리, 데이터마이닝, 데이터관리, 물류센터, 외자구매, 자재구매, 배차, 수행기사, 운전기사, 가맹점관리",~12/08(금),https://www.jobkorea.co.kr//Recruit/GI_Read/43276903?Oem_Code=C1&logpath=1&stext=&listno=205
경동물류,2023년 경동그룹 신입&경력 사원 모집,신입·경력,경기 김포시 외,"전기설계, 복리후생, 행정, 자료조사, SI개발, A·S수리, 전자, 브랜드기획, 신사업기획, Hardware, 사업기획, 문서작성, 전략기획, 문서관리, 전기설비, 전기, 경영기획, 문서관리, 전산입력, 서무",~11/24(금),https://www.jobkorea.co.kr//Recruit/GI_Read/43272318?Oem_Code=C1&logpath=1&stext=&listno=206
두원전자통신,2023년 하반기 각 분야별 신입/경력사원 모집,신입·경력,경기 시흥시 외,"PL, PM, 관리회계, 시스템운영, 회계감사, 기업회계, 사업기획, 원가회계, 경영기획, 네트워크관리, 금융컨설팅, 전략기획, 재무회계, 세무조정, 서버구축, 세무기장, PO, 경영컨설팅, 재무기획, 경영기획",~12/17(일),https://www.jobkorea.co.kr//Recruit/GI_Read/43276405?Oem_Code=C1&logpath=1&stext=&listno=207
한국후지쯔,한국후지쯔㈜ 각 부문별 신입/경력 채용,신입·경력,서울 종로구,"네트워크관리, SI개발, 증강현실, 솔루션스아키텍트, 네트워크관리, 시스템운영, 시스템운영, 서버구축, 시스템분석, 가상현실, 클라이언트, 네트워크관리, 모델링, 시스템설계, MMORPG, 클라우드개발자, 서버구축, 서버관리, 클라우드아키텍트",~12/26(화),https://www.jobkorea.co.kr//Recruit/GI_Read/43270402?Oem_Code=C1&logpath=1&stext=&listno=208
㈜엔씨아이티에스,[NC 자회사] ㈜NC ITS 시스템 엔지니어 채용,신입·경력,경기 성남시,"관리회계, 부가세신고, 정보통신, SI개발, 거래처관리, 재무회계, 펌웨어, 회로설계, UI·UX기획, 유지보수, 임베디드, GUI, 자료조사, JavaScript, 영업기획, 유지보수, 펌웨어, 회로설계, 행정, 송무담당",~11/21(화),https://www.jobkorea.co.kr//Recruit/GI_Read/43269927?Oem_Code=C1&logpath=1&stext=&listno=209
바이다,각 부문 별 경력 및 신입사원 채용,신입·경력,서울 금천구 외,"관리회계, 네트워크관리, OLAP개발자, 데이터관리, SI개발, 대출심사, 솔루션영업, 복리후생, 인터페이스, 행정, SI개발, 납품영업, 비품관리, 유지보수, DBMS, 솔루션스아키텍트, 신사업기획, 유통영업, 네트워크관리, 시스템운영",~11/22(수),https://www.jobkorea.co.kr//Recruit/GI_Read/43268258?Oem_Code=C1&logpath=1&stext=&listno=210
AJ 네트웍스,AJ네트웍스 렌탈부문 11월 수시채용,신입·경력,서울 송파구 외,"시스템분석, 기술영업, 정보보안, 제조·공정, 메카트로닉스, 클라이언트, SI개발, 기계설비, 아키텍처, 시스템설계, 기술지원",~11/22(수),https://www.jobkorea.co.kr//Recruit/GI_Read/43267950?Oem_Code=C1&logpath=1&stext=&listno=211
테크밸리㈜,2023년 각 부문 신입/경력 모집,신입·경력,경기 성남시,"솔루션, ERP, 소프트웨어개발",~11/26(일),https://www.jobkorea.co.kr//Recruit/GI_Read/43266340?Oem_Code=C1&logpath=1&stext=&listno=212
한국선불카드㈜,서비스 개발 및 운영 신입,신입,경기 성남시,"GUI, 시스템개발, 인터페이스, 반응형웹",~12/07(목),https://www.jobkorea.co.kr//Recruit/GI_Read/43272973?Oem_Code=C1&logpath=1&stext=&listno=213
카카오페이,프론트엔드 개발자,신입·경력,경기 성남시,"시스템개발, 시스템 유지보수, 시스템설계, 서버관리",~11/29(수),https://www.jobkorea.co.kr//Recruit/GI_Read/43273411?Oem_Code=C1&logpath=1&stext=&listno=214
카카오페이,서버 개발자 - 비즈니스플랫폼,신입·경력,경기 성남시,"네트웍구축, 웹호스팅, 통신, 홈네트워크, 네트워크보안, 방화벽, 보안소프트웨어, 보안컨설팅, 정보보안, 클라이언트, SI개발, GUI, 반응형웹, 인터페이스, 검증, 테스터",~11/29(수),https://www.jobkorea.co.kr//Recruit/GI_Read/43272537?Oem_Code=C1&logpath=1&stext=&listno=215
㈜넷맨,㈜넷맨 연구소 신입/경력 상시 채용,신입·경력,서울 금천구 외,"네트웍구축, 웹호스팅, 통신, 홈네트워크, 네트워크보안, 방화벽, 보안소프트웨어, 보안컨설팅, 정보보안, 네트워크관리, 서버구축, 시스템운영, 방화벽, 보안관제, 정보보안, 기술지원, 유지보수",상시채용,https://www.jobkorea.co.kr//Recruit/GI_Read/43271960?Oem_Code=C1&logpath=1&stext=&listno=216
㈜넷맨,㈜넷맨 엔지니어 신입/경력 상시 채용,신입·경력,서울 금천구 외,"플랫폼 운영, 플랫폼 개발, 플랫폼 설계, 서버관리",상시채용,https://www.jobkorea.co.kr//Recruit/GI_Read/43271959?Oem_Code=C1&logpath=1&stext=&listno=217
카카오페이,서버 개발자 - 정산 플랫폼,신입·경력,경기 성남시,"기계, 전산, 네트워크관리, 기계설비, IT, 정보처리, 서버관리",~11/29(수),https://www.jobkorea.co.kr//Recruit/GI_Read/43272013?Oem_Code=C1&logpath=1&stext=&listno=218
㈜클라크,정보시스템 관리 및 운영 담당자,신입·경력1년↑,경기 부천시 외,CAE,상시채용,https://www.jobkorea.co.kr//Recruit/GI_Read/43269424?Oem_Code=C1&logpath=1&stext=&listno=219
(주)마이나비코리아,[일본 현지 취업] 진동음향업계 CAE실험 분석 엔지니어 (석사/일본어가능자) 711,신입,일본 아이치,,~12/07(목),https://www.jobkorea.co.kr//Recruit/GI_Read/43268822?Oem_Code=C1&logpath=1&stext=&listno=220
에스케이쉴더스㈜,보안운영·보안진단·보안Compliance·보안시스템 구축 각 부문 채용,신입·경력,서울 종로구,"네트워크보안, 시스템운영, 네트워크관리, 정보보안, 정보보안",~12/31(일),https://www.jobkorea.co.kr//Recruit/GI_Read/43268819?Oem_Code=C1&logpath=1&stext=&listno=221
㈜시스게이트,[경기 화성] 데이터센터 시스템 운영 담당자 모집,신입,경기 화성시,"SM, 시스템운영, 네트워크관리, 서버관리",~12/07(목),https://www.jobkorea.co.kr//Recruit/GI_Read/43268677?Oem_Code=C1&logpath=1&stext=&listno=222
㈜시스게이트,[충남 천안] 데이터센터 시스템 운영 담당자 모집,신입,충남 천안시,"SM, 시스템운영, 네트워크관리, 서버관리",~12/07(목),https://www.jobkorea.co.kr//Recruit/GI_Read/43268663?Oem_Code=C1&logpath=1&stext=&listno=223
블루닉스㈜,전산(프로그램 개발)분야 신입사원 모집,신입,경기 안산시,"기계, 시스템설계, ERP, 프로그램 개발",~12/07(목),https://www.jobkorea.co.kr//Recruit/GI_Read/43267589?Oem_Code=C1&logpath=1&stext=&listno=224
㈜스프링웨이브,계전/계측 시스템 장비 테스터,신입·경력1년↑,경기 안양시 외,"테스터, 네트웍구축, 통신, 검증",~01/06(토),https://www.jobkorea.co.kr//Recruit/GI_Read/43266880?Oem_Code=C1&logpath=1&stext=&listno=225
㈜케이지이니시스,"[KG이니시스] 이니밴 승인/배치 개발자 채용 (C, Unix, Linux)",신입·경력,서울 중구,"VAN, 소프트웨어개발",~12/07(목),https://www.jobkorea.co.kr//Recruit/GI_Read/43266140?Oem_Code=C1&logpath=1&stext=&listno=226
㈜DYB최선어학원,[직영] 23년 신학기 각 부문 STAFF 모집,신입·경력,서울 강남구 외,"입시전문가, 서비스기획, 앱기획, 콘텐츠기획, 데이터분석, 브랜드기획, 전략기획, 콘텐츠기획, 인사기획, 인사교육, 교육기획, 면접·채용, 조직문화, 광고기획, 브랜딩, SNS마케팅, 바이럴마케팅, 키워드광고, 프로모션, 콘텐츠기획",~12/06(수),https://www.jobkorea.co.kr//Recruit/GI_Read/43246599?Oem_Code=C1&logpath=1&stext=&listno=227
엘에스이노베이션,각 부문 채용 - (CS.사무보조/광고영업/백엔드 개발자/웹퍼블리셔/웹디자이너),신입·경력,서울 강서구 외,"CS, 강서구, 마케팅 관리, 백엔드 개발, 서울시, 어플리케이션 영업, jquery, MariaDB, UI·UX디자인, 엘에스이노베이션, 온라인광고, UI·UX기획, 문서관리, 문서작성, 전산입력, 사이트관리, 문서관리, 문서작성, 전산입력, 사이트관리",~12/03(일),https://www.jobkorea.co.kr//Recruit/GI_Read/43253449?Oem_Code=C1&logpath=1&stext=&listno=228
무어텍,무어텍(청년강소/가족친화인증기업)-IT엔지니어(가상화/x86) 신입 및 경력 모집,신입·경력5년↑,서울 구로구,"스토리지, SI개발, 펌웨어, 유지보수, 네트워크관리, 시스템운영, 기계조작, 시스템운영, 하드웨어, 서버구축, 시스템분석, 네트워크관리, 시스템설계, 서버구축, 설치, 컴퓨터, 서버관리, 가상현실, 기술지원, 유지보수",~12/06(수),https://www.jobkorea.co.kr//Recruit/GI_Read/43262609?Oem_Code=C1&logpath=1&stext=&listno=229
영진아이엔디㈜,반도체 장비 SCRUBBER 필드엔지니어 채용공고,신입·경력,경기 이천시 외,"CS, scrubber, set-up, 자동제어, 전기, 전기기사, 전기기술, 전기설계, 전기설비, 전기제어, 전기회로, 전자, 전자회로, 전장, 제어, PCB, PLC, 디스플레이, 반도체, 반도체생산",~12/06(수),https://www.jobkorea.co.kr//Recruit/GI_Read/43246436?Oem_Code=C1&logpath=1&stext=&listno=230
리뷰플레이스,[기본급 / 인센티브] 콘텐츠마케팅 영업사원 채용,신입·경력,서울 금천구 외,"기획전략, 브랜드마케팅, 신사업발굴, 콘텐츠기획, 퍼포먼스마케팅, KPI관리, 광고기획, 광고대행, 온라인광고, 이벤트대행, 홍보대행, 데이터분석, 광고기획, 시장분석, 브랜딩, SNS마케팅, 바이럴마케팅, 키워드광고, 프로모션, 데이터분석",~12/03(일),https://www.jobkorea.co.kr//Recruit/GI_Read/43253557?Oem_Code=C1&logpath=1&stext=&listno=231
㈜아이투맥스,[기흥] Salesforce 개발자 채용(신입),신입,경기 용인시,"SM, SI개발, 솔루션, SI, CRM, ERP",~12/06(수),https://www.jobkorea.co.kr//Recruit/GI_Read/43264278?Oem_Code=C1&logpath=1&stext=&listno=232
㈜오파스넷,2024년 오파스넷 공채 3기 인턴쉽 모집,신입,서울 강남구,"네트웍구축, 별정통신, 통신, 서버구축, 시스템운영, 서버관리, 네트워크관리, 빅데이터",~11/24(금),https://www.jobkorea.co.kr//Recruit/GI_Read/43260455?Oem_Code=C1&logpath=1&stext=&listno=233
굿어스㈜,"[기흥/화성] 네트워크 기술지원, 운영(신입) 채용",신입,경기 화성시 외,"NI, 시스템운영, SI, 네트워크관리, CCNP",~11/26(일),https://www.jobkorea.co.kr//Recruit/GI_Read/43259980?Oem_Code=C1&logpath=1&stext=&listno=234
굿어스㈜,"NVIDIA 엔지니어 (신입, 경력 2년 이상 10년 이하) 채용",신입·경력2년↑,서울 강남구,"NI, 네트워크관리, SI, 서버구축, 네트워크관리",~11/26(일),https://www.jobkorea.co.kr//Recruit/GI_Read/43259964?Oem_Code=C1&logpath=1&stext=&listno=235
㈜우대칼스,"도시계획, GIS DB 구축 부문",신입·경력,서울 서초구,"데이터관리, 솔루션, SI, GIS, 소프트웨어개발",~12/06(수),https://www.jobkorea.co.kr//Recruit/GI_Read/43259871?Oem_Code=C1&logpath=1&stext=&listno=236
에스넷시스템㈜,[아산] Network 엔지니어 (신입/경력) 채용,신입·경력3년↑,충남 아산시,"NI, SM, SI, 네트워크관리, 소프트웨어개발",~11/26(일),https://www.jobkorea.co.kr//Recruit/GI_Read/43259054?Oem_Code=C1&logpath=1&stext=&listno=237
메가존클라우드㈜,글로벌 클라우드(Tech/Sales 등)  채용,신입·경력,서울 강남구,"솔루션영업, 솔루션, 시스템영업, 시스템분석, 기술영업, 재무회계, 정보보안, 클라이언트, 아키텍처, 시스템설계, 네트워크영업, 소프트웨어개발, 원가회계, 전산회계",~01/05(금),https://www.jobkorea.co.kr//Recruit/GI_Read/43253745?Oem_Code=C1&logpath=1&stext=&listno=238
㈜상아뉴매틱,[정보기술팀] 전산 담당자 채용,신입·경력,대구 달성군,"네트워크관리, 서버관리",~12/06(수),https://www.jobkorea.co.kr//Recruit/GI_Read/43253363?Oem_Code=C1&logpath=1&stext=&listno=239
㈜코콤,기술관리팀(홈네트워크 현장 공사관리) 경력사원 모집합니다.,신입·경력,경기 김포시 외,"시공관리, 네트워크관리, 홈네트워크",~01/05(금),https://www.jobkorea.co.kr//Recruit/GI_Read/43253153?Oem_Code=C1&logpath=1&stext=&listno=240
㈜엠게임,[엠게임] 웹개발자 모집,신입·경력,서울 금천구,"게임개발, 게임기획, 웹표준·웹접근성",상시채용,https://www.jobkorea.co.kr//Recruit/GI_Read/43251367?Oem_Code=C1&logpath=1&stext=&listno=241
스마트동스쿨,보충역 (현역x)산업기능요원 정보처리 병역특례 개발 PHP node.js 리액트 보충역 벤처기업 마포 병특,신입,서울 마포구,"GUI, SI개발, 서버관리, 인터페이스, 반응형웹, 클라이언트, 핀테크, HTTP",~12/03(일),https://www.jobkorea.co.kr//Recruit/GI_Read/43247789?Oem_Code=C1&logpath=1&stext=&listno=242
한화제약(주),춘천공장 DI팀 채용,신입·경력,강원 춘천시,"점검, 시스템운영, 유지관리",~11/29(수),https://www.jobkorea.co.kr//Recruit/GI_Read/43246162?Oem_Code=C1&logpath=1&stext=&listno=243
인지컨트롤스㈜,인지컨트롤스㈜ 하반기 각 부문 신입/경력 채용,신입·경력,경기 시흥시 외,"관리회계, 메카트로닉스, 부가세신고, 제품개발, 복리후생, 4대보험, 거래처관리, 공조냉동, 기구설계, 회로설계, CAM, 제어·설계, 연구·실험·기술, 캐드원, 더존, 부가세신고, 품질보증, 생산관리, 영업기획, 펌웨어",~11/30(목),https://www.jobkorea.co.kr//Recruit/GI_Read/43238059?Oem_Code=C1&logpath=1&stext=&listno=244
솔탑,[솔탑] 연구/개발직 신입 및 경력사원 모집,신입·경력2년↑,대전 유성구 외,"메카트로닉스, 기계설계, 기구설계, 전자통신, 펌웨어, 제어·설계, 앱개발자, 유지보수, 신호처리, 솔루션, 펌웨어, 회로설계, 구조설계, 방산/우주, 네트워크관리, 시스템분석, 통신설비, 기계공학, 3D설계, 시스템운영",~12/02(토),https://www.jobkorea.co.kr//Recruit/GI_Read/43232957?Oem_Code=C1&logpath=1&stext=&listno=245
㈜케이제이씨디스플레이코퍼레이션,㈜ KJC Display 각 부문 신입/경력 모집,신입·경력,서울 영등포구,"디스플레이, 반도체, 반도체장비, LCD, 경영기획, 사업기획, 재무기획, 데이터분석, 브랜드기획, 시장분석, 시장조사, 데이터분석, 전략기획, 4대보험, 결산, 관리회계, 법인결산, 부가세신고, 재무회계, 4대보험",~11/30(목),https://www.jobkorea.co.kr//Recruit/GI_Read/43237392?Oem_Code=C1&logpath=1&stext=&listno=246
이호스트아이씨티,(주)이호스트아이씨티 엔지니어 채용 공고,신입,서울 금천구,"IDC, 웹호스팅, 방화벽, 네트워크관리, CDN",~01/01(월),https://www.jobkorea.co.kr//Recruit/GI_Read/43238083?Oem_Code=C1&logpath=1&stext=&listno=247
㈜드래곤플라이,[드래곤플라이] 스페셜포스 서버 프로그래머 모집,신입·경력2년↑,서울 서초구,"서버구축, 게임기획, 서버관리",~12/02(토),https://www.jobkorea.co.kr//Recruit/GI_Read/43238060?Oem_Code=C1&logpath=1&stext=&listno=248
㈜드래곤플라이,[드래곤플라이] 스페셜포스2 라이브 서비스 클라이언트 담당 채용,신입·경력2년↑,서울 서초구,"클라이언트, 게임기획",~12/02(토),https://www.jobkorea.co.kr//Recruit/GI_Read/43238000?Oem_Code=C1&logpath=1&stext=&listno=249
㈜지슨,2023년 (주)지슨 채용 - 시스템 관제 업무 인재 채용,신입·경력,서울 강남구,"보안소프트웨어, 정보보안, 네트워크관리, 네트워크관리, 보안관제, 정보보안",상시채용,https://www.jobkorea.co.kr//Recruit/GI_Read/43237997?Oem_Code=C1&logpath=1&stext=&listno=250
㈜ABB코리아,[ABB 코리아] 각 부문 채용,신입·경력,서울 강남구 외,"관리회계, 전산입력, 거래처관리, 회로설계, 캐드원, 전기제어, A·S수리, 영업기획, 자동제어, 키워드광고, 문서관리, 해외마케팅, 전기·전자, 환경, 영업전략, 전화상담, 가맹점관리, 기술영업, 제조·공정, 고객지원",~11/30(목),https://www.jobkorea.co.kr//Recruit/GI_Read/43235512?Oem_Code=C1&logpath=1&stext=&listno=251
㈜티맥스소프트,[TmaxSoft/공공사업부] 기술지원 엔지니어 수시모집 - PS직군,신입·경력3년↑,경기 성남시,"BigData, 솔루션, SI, ERP, 소프트웨어개발",상시채용,https://www.jobkorea.co.kr//Recruit/GI_Read/43235297?Oem_Code=C1&logpath=1&stext=&listno=252
㈜에스엠씨인터내셔널,[디저트39] 2023년도 각 부문 공개 채용,신입·경력1년↑,서울 강남구 외,"안드로이드, 인테리어, 점포개발, APM, 해외사업, AOS, IOS, Native, UI/UX, 메뉴기획, 식품, 식품연구, 음식료, 점포개발, 사업기획, 신사업기획, 전략기획, 시장분석, 시장조사, 데이터분석",~11/27(월),https://www.jobkorea.co.kr//Recruit/GI_Read/43231719?Oem_Code=C1&logpath=1&stext=&listno=253
에이엠텔레콤㈜,개발품질(DQA) 신입/경력 채용,신입·경력1년↑,경기 성남시,"DQA, 테스터, 웹마스터, 검증, 개발품질",~12/06(수),https://www.jobkorea.co.kr//Recruit/GI_Read/43231247?Oem_Code=C1&logpath=1&stext=&listno=254
용평리조트,2023년 신입/경력사원 모집(비체 영업관리),신입·경력,충남 보령시,"양식, 시설점검, 유통영업, 시스템운영, ERP개발, 한식, 시스템설계, 리조트, 인사행정, 경기운영",~11/30(목),https://www.jobkorea.co.kr//Recruit/GI_Read/43230287?Oem_Code=C1&logpath=1&stext=&listno=255
용평리조트,2023년 신입/경력사원 모집(방재),신입·경력,강원 평창군,"양식, 시설점검, 유통영업, 시스템운영, ERP개발, 한식, 시스템설계, 리조트, 인사행정, 경기운영",~11/30(목),https://www.jobkorea.co.kr//Recruit/GI_Read/43230189?Oem_Code=C1&logpath=1&stext=&listno=256
용평리조트,2023년 신입/경력사원 모집(경기운영원),신입·경력,강원 평창군,"양식, 시설점검, 유통영업, 시스템운영, ERP개발, 한식, 시스템설계, 리조트, 인사행정, 경기운영",~11/30(목),https://www.jobkorea.co.kr//Recruit/GI_Read/43230160?Oem_Code=C1&logpath=1&stext=&listno=257
용평리조트,2023년 신입/경력사원 모집(영양사),신입·경력,강원 평창군,"양식, 시설점검, 유통영업, 시스템운영, ERP개발, 한식, 시스템설계, 리조트, 인사행정, 경기운영",~11/30(목),https://www.jobkorea.co.kr//Recruit/GI_Read/43230148?Oem_Code=C1&logpath=1&stext=&listno=258
용평리조트,2023년 신입/경력사원 모집(양식/한식조리사),신입·경력,강원 평창군,"양식, 시설점검, 유통영업, 시스템운영, ERP개발, 한식, 시스템설계, 리조트, 인사행정, 경기운영",~11/30(목),https://www.jobkorea.co.kr//Recruit/GI_Read/43230118?Oem_Code=C1&logpath=1&stext=&listno=259
용평리조트,2023년 신입/경력사원 모집(F&B(식음)),신입·경력,강원 평창군,"양식, 시설점검, 유통영업, 시스템운영, ERP개발, 한식, 시스템설계, 리조트, 인사행정, 경기운영",~11/30(목),https://www.jobkorea.co.kr//Recruit/GI_Read/43230087?Oem_Code=C1&logpath=1&stext=&listno=260
용평리조트,2023년 신입/경력사원 모집(인사/급여),신입·경력,강원 평창군,"양식, 시설점검, 유통영업, 시스템운영, ERP개발, 한식, 시스템설계, 리조트, 인사행정, 경기운영",~11/30(목),https://www.jobkorea.co.kr//Recruit/GI_Read/43230068?Oem_Code=C1&logpath=1&stext=&listno=261
용평리조트,2023년 신입/경력사원 모집(PB유통영업),신입·경력,강원 평창군,"양식, 시설점검, 유통영업, 시스템운영, ERP개발, 한식, 시스템설계, 리조트, 인사행정, 경기운영",~11/30(목),https://www.jobkorea.co.kr//Recruit/GI_Read/43230046?Oem_Code=C1&logpath=1&stext=&listno=262
용평리조트,2023년 신입/경력사원 모집(전산개발),신입·경력,강원 평창군 외,"양식, 시설점검, 유통영업, 시스템운영, ERP개발, 한식, 시스템설계, 리조트, 인사행정, 경기운영",~11/30(목),https://www.jobkorea.co.kr//Recruit/GI_Read/43230023?Oem_Code=C1&logpath=1&stext=&listno=263
용평리조트,2023년 신입/경력사원 모집,신입·경력,강원 평창군 외,"양식, 시설점검, 유통영업, 시스템운영, ERP개발, 한식, 시스템설계, 리조트, 인사행정, 경기운영",~11/30(목),https://www.jobkorea.co.kr//Recruit/GI_Read/43229980?Oem_Code=C1&logpath=1&stext=&listno=264
㈜네패스이앤씨,2023년 부문별 신입/경력 채용,신입·경력,서울,"건축감리, 건축설계, 견적, 상품입출고, 시공관리, 안전평가, 거래처관리, 건축감리, 건축기사, 건축설계, 시장조사, 건설, 영업기획, 재고관리, 4대보험, 브랜드기획, 신사업기획, 건축설계, 데이터분석, 영업전략",~11/30(목),https://www.jobkorea.co.kr//Recruit/GI_Read/43226769?Oem_Code=C1&logpath=1&stext=&listno=265
㈜에프앤가이드,[에프앤가이드] IS팀 정규직 채용,신입·경력,서울 강서구,"BigData, 정보보안, 소프트웨어개발",~11/30(목),https://www.jobkorea.co.kr//Recruit/GI_Read/43229410?Oem_Code=C1&logpath=1&stext=&listno=266
㈜해커스어학원,2023년 해커스교육그룹 신입 및 경력사원 채용,신입·경력,서울 서초구,"교수설계, 편집, 데이터관리, 사이트관리, 웹표준·웹접근성, 재무회계, 출판기획, 프로모션, SNS마케팅, 영사기사, 웹디자인, 컨텐츠개발, 키워드광고, 프로모션, e러닝, 온라인서비스, PL, 카페·블로그관리, 회로설계, 시설점검",~11/30(목),https://www.jobkorea.co.kr//Recruit/GI_Read/43215420?Oem_Code=C1&logpath=1&stext=&listno=267
㈜컴투스,[컴투스 그룹] 각 부문별 경력/신입 인재채용,신입·경력,서울 금천구,"관리회계, 사이트관리, 웹표준·웹접근성, 재무회계, UI·UX기획, 데이터분석, 서버구축, 시스템운영, 제안·컨설팅, 회계감사, PM, 광고기획, 시스템분석, 앱기획, UI·UX기획, 게임기획, 네트워크관리, 애니메이션, 콘텐츠기획, 시스템설계",~11/30(목),https://www.jobkorea.co.kr//Recruit/GI_Read/43206606?Oem_Code=C1&logpath=1&stext=&listno=268
㈜엔씨소프트,엔씨소프트 부문별 수시 채용,신입·경력,경기 성남시,"3D온라인게임, 게임개발, 게임기획, 게임디자인, 게임소프트웨어, 게임시나리오, 게임운영관리, 모션그래픽, 베타테스터, 아케이드게임, 웹게임, 콘솔게임, 퍼블리싱, Java게임, RPG, 게임기획, PM, 사이트관리, 증강현실, 서버구축",~11/30(목),https://www.jobkorea.co.kr//Recruit/GI_Read/43209699?Oem_Code=C1&logpath=1&stext=&listno=269
㈜에프앤가이드,[에프앤가이드] 리서치솔루션팀 정규직 신입/경력 채용,신입·경력,서울 강서구,"BigData, C#, DBMS, 소프트웨어개발",~11/30(목),https://www.jobkorea.co.kr//Recruit/GI_Read/43227366?Oem_Code=C1&logpath=1&stext=&listno=270
㈜에프앤가이드,[에프앤가이드] 웹&모바일팀 정규직 신입/경력 채용,신입·경력,서울 강서구,"BigData, MS-SQL, Oracle, 소프트웨어개발",~11/30(목),https://www.jobkorea.co.kr//Recruit/GI_Read/43227287?Oem_Code=C1&logpath=1&stext=&listno=271
㈜예람,"(주)예람 입찰정보사업부-기획개발팀(개발파트) 경력, 신입 채용",신입·경력3년↑,대전 중구 외,"모바일앱개발, 웹 솔루션, 솔루션, 소프트웨어개발",~11/30(목),https://www.jobkorea.co.kr//Recruit/GI_Read/43227160?Oem_Code=C1&logpath=1&stext=&listno=272
㈜한드림넷,Wi-Fi AP Software 개발자 및 개발검증 엔지니어 채용,신입·경력,경기 의왕시 외,"하드웨어, 검증",상시채용,https://www.jobkorea.co.kr//Recruit/GI_Read/43226464?Oem_Code=C1&logpath=1&stext=&listno=273
㈜천재교과서,천재교과서 밀크T PMO/QA 업무 담당자 채용,신입·경력3년↑,서울 금천구,"테스터, PM, 검증",~12/01(금),https://www.jobkorea.co.kr//Recruit/GI_Read/43226130?Oem_Code=C1&logpath=1&stext=&listno=274
㈜오누이,[에듀테크 스타트업 오누이/설탭] 분야별 채용,신입·경력,서울 마포구 외,"전산입력, 학원운영, GUI, 빅데이터, 복리후생, 사이트관리, SI개발, 펌웨어, 데이터레이크, UI·UX기획, 원격상담, 일반학원, SI개발, SNS마케팅, 영업기획, 프로모션, Python, 딥러닝, 콜통계분석, 데이터시각화",~11/30(목),https://www.jobkorea.co.kr//Recruit/GI_Read/43225793?Oem_Code=C1&logpath=1&stext=&listno=275
㈜웹젠,[웹젠] 전략기획(일어권)(신입/경력),신입·경력,경기 성남시,"게임소프트웨어, 게임마케팅, 전략기획, 사업성검토, 게임디자인, 재무, 사업기획, 게임기획, 글로벌전략, 전략기획, MMORPG, 게임개발, 시장조사, 일본어",~12/31(일),https://www.jobkorea.co.kr//Recruit/GI_Read/43225775?Oem_Code=C1&logpath=1&stext=&listno=276
㈜이글루코퍼레이션,[기술지원센터] 대전지역 보안솔루션 기술지원 엔지니어 신입/경력 채용,신입·경력1년↑,대전 유성구,"시스템운영, 서버구축, 기술지원, 서버관리",~11/30(목),https://www.jobkorea.co.kr//Recruit/GI_Read/43223261?Oem_Code=C1&logpath=1&stext=&listno=277
에즈웰플러스,"Dell X86/GPU 서버, NVIDIA DGX 엔지니어 경력/신입 사원 모집",신입·경력,서울 강남구,"스토리지, 하드웨어, 서버구축, 컴퓨터, 유지보수",~12/31(일),https://www.jobkorea.co.kr//Recruit/GI_Read/43221008?Oem_Code=C1&logpath=1&stext=&listno=278
한국선불카드㈜,한국선불카드㈜ 영업제휴/기획운영/서비스개발/CX/인사총무 담당자 모집,신입·경력4년↑,경기 성남시,"거래처관리, SI개발, 솔루션, 영업기획, 영업지원, 신사업기획, 영업전략, 가맹점관리, 사업기획, 거래선개발관리, 매출관리, ERP, 전략기획, 데이터분석, 핀테크, 경영기획, 고객관리, 소프트웨어개발, HTTP",~12/02(토),https://www.jobkorea.co.kr//Recruit/GI_Read/43220538?Oem_Code=C1&logpath=1&stext=&listno=279
㈜헥토이노베이션,헥토이노베이션 직군별 인재 모집(서비스기획/사업기획/개발/UX/UI 등),신입·경력,서울 강남구,"관리회계, 기업홍보, 디지털마케팅, SI개발, 안드로이드, 재무회계, 인터페이스, UI·UX기획, 시장조사, 프로모션, 데이터분석, SI개발, SNS마케팅, 프로모션, 모바일, 브랜드기획, 신사업기획, 자금관리, 브랜딩, 서버구축",~11/30(목),https://www.jobkorea.co.kr//Recruit/GI_Read/43089629?Oem_Code=C1&logpath=1&stext=&listno=280
㈜앤씨앤,"[앤씨앤/넥스트칩]2023년 11월 연구소, 영업마케팅 각 부문 신입/경력 모집",신입·경력,경기 성남시 외,"서비스기획, 데이터분석, 앱기획, UI·UX기획, PM, PL, 시스템분석, 시스템설계, 클라이언트, SI개발, 국내영업, 품질테스트, 전기·전자, 정보통신·IT, 제품개발",~11/30(목),https://www.jobkorea.co.kr//Recruit/GI_Read/43213808?Oem_Code=C1&logpath=1&stext=&listno=281
㈜시몬스,2023년 하반기 부문별 채용공고,신입·경력1년↑,경기 이천시 외,"가구, 브랜드기획, 인사기획, 면접·채용, 관리회계, 원가회계, 전산회계, 회계감사, 시장분석, 브랜딩, 바이럴마케팅, 프로모션, 리테일MD, 상품기획, 상품입출고, VMD, 서버관리, 네트워크관리, 가구디자인, 전시디자인",~11/30(목),https://www.jobkorea.co.kr//Recruit/GI_Read/43197291?Oem_Code=C1&logpath=1&stext=&listno=282
㈜사이버텔브릿지,시스템엔지니어(Linux) 신입/경력사원 채용(서울 및 부산),신입·경력3년↑,서울 구로구 외,"솔루션, SI, 네트워크관리, 정보통신, 소프트웨어개발",~11/30(목),https://www.jobkorea.co.kr//Recruit/GI_Read/43216638?Oem_Code=C1&logpath=1&stext=&listno=283
모두투어네트워크,IT본부 시스템개발 신입 및 경력사원 모집,신입·경력,서울 중구,"시스템운영, 시스템설계",~12/30(토),https://www.jobkorea.co.kr//Recruit/GI_Read/43216215?Oem_Code=C1&logpath=1&stext=&listno=284
㈜기가레인,(주) 기가레인 RF연구소 RF H/W 개발자 채용,신입·경력3년↑,경기 화성시 외,"시스템설계, 회로설계",~11/30(목),https://www.jobkorea.co.kr//Recruit/GI_Read/43215416?Oem_Code=C1&logpath=1&stext=&listno=285
㈜기가레인,(주) 기가레인 S/W개발자 신입/경력 채용,신입·경력2년↑,경기 성남시 외,"시스템설계, 시스템설계",~11/30(목),https://www.jobkorea.co.kr//Recruit/GI_Read/43215342?Oem_Code=C1&logpath=1&stext=&listno=286
㈜웹젠,2023 웹젠 수시채용,신입·경력,경기 성남시,"개인정보, 이펙터, UI·UX디자인, 게임개발, 게임기획, 게임디자인, 게임마케팅, 게임소프트웨어, 사업기획, 전략기획, 게임기획, 스토리보드, UI·UX기획, 데이터분석, PM, 문서관리, 문서작성, 전산입력, 사이트관리, 재무회계",상시채용,https://www.jobkorea.co.kr//Recruit/GI_Read/43214157?Oem_Code=C1&logpath=1&stext=&listno=287
㈜엑스퍼넷,[(주)엑스퍼넷]IT 기술지원 엔지니어 신규직원 공개채용,신입·경력,서울 구로구,"시스템운영, 네트웍구축, 네트워크관리, 클라우드",~11/30(목),https://www.jobkorea.co.kr//Recruit/GI_Read/43212555?Oem_Code=C1&logpath=1&stext=&listno=288
㈜세윤씨앤에스,마이크로소프트(Microsoft) ERP (D365 F&O) 경력/신입 컨설턴트,신입·경력3년↑,서울 마포구 외,"소프트웨어개발, 솔루션",~11/30(목),https://www.jobkorea.co.kr//Recruit/GI_Read/43212005?Oem_Code=C1&logpath=1&stext=&listno=289
㈜세윤씨앤에스,마이크로소프트(Microsoft) ERP (D365 F&O) 경력/신입 개발자,신입·경력3년↑,서울 마포구 외,"SI개발, 인터페이스, 클라우드개발자, 소프트웨어개발, 솔루션",~11/30(목),https://www.jobkorea.co.kr//Recruit/GI_Read/43211923?Oem_Code=C1&logpath=1&stext=&listno=290
HL만도,2023년 R&D(SW) 전문연구요원 채용(23년 신규편입자 限)-Adaptive Autosar,신입·경력,경기 성남시,"C코딩, 회로설계, 정보보안, 시스템설계, 임베디드",~11/26(일),https://www.jobkorea.co.kr//Recruit/GI_Read/43211751?Oem_Code=C1&logpath=1&stext=&listno=291
HL만도,2023년 R&D(SW) 전문연구요원 채용(23년 신규편입자 限)-Cybersecurity,신입·경력,경기 성남시,"C코딩, 회로설계, 정보보안, 시스템설계, 임베디드",~11/26(일),https://www.jobkorea.co.kr//Recruit/GI_Read/43211730?Oem_Code=C1&logpath=1&stext=&listno=292
HL만도,2023년 R&D(SW) 전문연구요원 채용(23년 신규편입자 限)-R&D SW Tool-Chain,신입·경력,경기 성남시,"C코딩, 회로설계, 정보보안, 시스템설계, 임베디드",~11/26(일),https://www.jobkorea.co.kr//Recruit/GI_Read/43211705?Oem_Code=C1&logpath=1&stext=&listno=293
HL만도,2023년 R&D(SW) 전문연구요원 채용(23년 신규편입자 限)-Motor Control,신입·경력,경기 성남시,"C코딩, 회로설계, 정보보안, 시스템설계, 임베디드",~11/26(일),https://www.jobkorea.co.kr//Recruit/GI_Read/43211690?Oem_Code=C1&logpath=1&stext=&listno=294
HL만도,2023년 R&D(SW) 전문연구요원 채용(23년 신규편입자 限)-Basic SW,신입·경력,경기 성남시,"C코딩, 회로설계, 정보보안, 시스템설계, 임베디드",~11/26(일),https://www.jobkorea.co.kr//Recruit/GI_Read/43211665?Oem_Code=C1&logpath=1&stext=&listno=295
HL만도,2023년 R&D(SW) 전문연구요원 채용(23년 신규편입자 限)-SW Developer,신입·경력,경기 성남시,"C코딩, 회로설계, 정보보안, 시스템설계, 임베디드",~11/26(일),https://www.jobkorea.co.kr//Recruit/GI_Read/43211652?Oem_Code=C1&logpath=1&stext=&listno=296
HL만도,2023년 R&D(SW) 전문연구요원 채용(23년 신규편입자 限)-Requirement Engineer,신입·경력,경기 성남시,"C코딩, 회로설계, 정보보안, 시스템설계, 임베디드",~11/26(일),https://www.jobkorea.co.kr//Recruit/GI_Read/43211623?Oem_Code=C1&logpath=1&stext=&listno=297
㈜퓨전소프트,2023년 개발직 채용,신입·경력1년↑,대구 동구 외,"C코딩, 회로설계, 정보보안, 시스템설계, 임베디드",~11/30(목),https://www.jobkorea.co.kr//Recruit/GI_Read/43211159?Oem_Code=C1&logpath=1&stext=&listno=298
HL만도,2023년 R&D(SW) 전문연구요원 채용(23년 신규편입자 限),신입·경력,경기 성남시,"스토리지, 서버구축, 시스템운영, 시스템운영, 하드웨어, 시스템분석, 네트워크관리, 시스템설계, 서버구축, 컴퓨터, AS, 네트워크관리, 유지보수",~11/26(일),https://www.jobkorea.co.kr//Recruit/GI_Read/43209966?Oem_Code=C1&logpath=1&stext=&listno=299
㈜에티버스,CISCO 네트워크 엔지니어 모집,신입·경력3년↑,서울 중구,,~12/30(토),https://www.jobkorea.co.kr//Recruit/GI_Read/43209839?Oem_Code=C1&logpath=1&stext=&listno=300
㈜인스웨이브시스템즈,"[정규직]핀테크클라우드팀 개발자 채용(프론트엔드, 백엔드)",신입·경력5년↑,서울 강서구,"솔루션, 소프트웨어개발",상시채용,https://www.jobkorea.co.kr//Recruit/GI_Read/43208258?Oem_Code=C1&logpath=1&stext=&listno=301
㈜사이냅소프트,[2023년 신입·경력 공개채용] 각 부문별 채용,신입·경력,서울 강서구 외,"기술지원, 모바일앱개발, 솔루션, 시스템엔지니어, C++, Java, jsp, Linux, WAS, JavaScript, PyTorch, 모바일앱개발, 소프트웨어개발, 솔루션, WAS, 서비스기획, 콘텐츠기획, UI·UX기획, 시장조사, 데이터분석",~11/30(목),https://www.jobkorea.co.kr//Recruit/GI_Read/43180816?Oem_Code=C1&logpath=1&stext=&listno=302
㈜두잇시스템,대기업 MES 개발 및 운영 신입/경력사원 모집(LG 배터리 계열사),신입·경력,충북 청주시 외,"회로설계, MES, 품질테스트, PLC",~11/27(월),https://www.jobkorea.co.kr//Recruit/GI_Read/43201803?Oem_Code=C1&logpath=1&stext=&listno=303
㈜체리부로,전산팀(전산관리),신입·경력,충북 진천군,"서버관리, 네트워크관리, 시스템운영",~12/29(금),https://www.jobkorea.co.kr//Recruit/GI_Read/43203890?Oem_Code=C1&logpath=1&stext=&listno=304
㈜에프앤에프,SAP 운영자 채용연계형 인턴 채용,신입,서울 강남구,"패션, SQL, 시스템운영, SAP, 섬유",~11/22(수),https://www.jobkorea.co.kr//Recruit/GI_Read/43200733?Oem_Code=C1&logpath=1&stext=&listno=305
성우전자㈜,제조업 전산 업무 담당자 채용,신입·경력1년↑,경기 안산시,"방화벽, 네트워크관리, 서버관리",~11/29(수),https://www.jobkorea.co.kr//Recruit/GI_Read/43199731?Oem_Code=C1&logpath=1&stext=&listno=306
㈜이글루코퍼레이션,[전략사업부] 해외사업팀 해외기술지원 신입/경력 채용,신입·경력,서울 송파구,기술지원,~11/30(목),https://www.jobkorea.co.kr//Recruit/GI_Read/43199401?Oem_Code=C1&logpath=1&stext=&listno=307
㈜이글루코퍼레이션,[보안관제센터] 부산지역 보안운영 신입 채용,신입·경력1년↑,부산 남구,시스템운영,~11/30(목),https://www.jobkorea.co.kr//Recruit/GI_Read/43199355?Oem_Code=C1&logpath=1&stext=&listno=308
㈜이글루코퍼레이션,[보안관제센터] 보안서비스/솔루션 운영 신입/경력 채용 (서울 강서구),신입·경력1년↑,서울 강서구,"방화벽, 보안관제, 네트워크관리, 정보보안",~11/30(목),https://www.jobkorea.co.kr//Recruit/GI_Read/43199273?Oem_Code=C1&logpath=1&stext=&listno=309
㈜프레시지,(주)프레시지 IT헬프데스크 엔지니어 경력직 채용,신입·경력1년↑,서울 강남구 외,"서버구축, 시스템운영, 시스템운영, 네트워크관리, 서버구축, 서버관리, 네트워크관리",~11/29(수),https://www.jobkorea.co.kr//Recruit/GI_Read/43199204?Oem_Code=C1&logpath=1&stext=&listno=310
㈜이글루코퍼레이션,[보안관제센터] 보안관제 운영 신입/경력 채용 (수도권),신입·경력1년↑,서울 송파구 외,"시스템운영, 보안관제, 정보보안, 서버관리",~11/30(목),https://www.jobkorea.co.kr//Recruit/GI_Read/43199061?Oem_Code=C1&logpath=1&stext=&listno=311
㈜이글루코퍼레이션,[전략사업부] 정보보안 사업 기획 및 수행 신입/경력 채용,신입·경력1년↑,서울 송파구,"서버구축, 시스템운영, 정보보안, 정보보안",~11/30(목),https://www.jobkorea.co.kr//Recruit/GI_Read/43198947?Oem_Code=C1&logpath=1&stext=&listno=312
㈜무브인터렉티브,㈜무브인터렉티브 - 북미 온라인 운영 GM 신입/경력 채용,신입·경력,서울 마포구,"사이트관리, 모바일앱게임, 동시통역, RPG, 기타외국어, 게임운영관리, MMORPG, 영어, 퍼블리싱, GM·CS",~12/23(토),https://www.jobkorea.co.kr//Recruit/GI_Read/43156533?Oem_Code=C1&logpath=1&stext=&listno=313
㈜미래컴퍼니,[(주)미래컴퍼니] 자동화 장비 PC 제어,신입·경력3년↑,경기 화성시,"반도체장비, 장비, 반도체, 디스플레이, 반도체, 제어·설계, 디스플레이",~11/26(일),https://www.jobkorea.co.kr//Recruit/GI_Read/43191826?Oem_Code=C1&logpath=1&stext=&listno=314
㈜포인트모바일,DQA팀 SQA TEST 엔지니어 모집,신입·경력1년↑,서울 금천구 외,"테스터, NFC, 모바일, SQA, 시스템분석, 정보보안, 시스템설계, 품질테스트, PDA, 검증",~11/26(일),https://www.jobkorea.co.kr//Recruit/GI_Read/43191045?Oem_Code=C1&logpath=1&stext=&listno=315
㈜해커스어학원,[신입/경력][개발] React-Native 모바일앱 개발,신입·경력2년↑,서울 서초구,"모바일앱개발, DataMining, ERP, SI, 모바일App, 아이폰, 안드로이드, WindowsMobile, 증강현실, 가상현실, 인터페이스, SI개발, 시스템분석",상시채용,https://www.jobkorea.co.kr//Recruit/GI_Read/43188710?Oem_Code=C1&logpath=1&stext=&listno=316
엔아이티서비스㈜,[네이버계열사][NIT Service] NAVER/LINE 서비스 관제,신입,강원 춘천시,"서버, 서비스 관제, ACL, 인프라 관제, 고정IP, 장애복구",~11/26(일),https://www.jobkorea.co.kr//Recruit/GI_Read/43187633?Oem_Code=C1&logpath=1&stext=&listno=317
엔아이티서비스㈜,[네이버계열사][NIT Service] NAVER/LINE 보안관제,신입,경기 성남시,"IPS, 방화벽, 해킹, IDS, 보안관제, 정보보안, ESM, IDS, 방화벽, 정보보안",~11/26(일),https://www.jobkorea.co.kr//Recruit/GI_Read/43187527?Oem_Code=C1&logpath=1&stext=&listno=318
엔아이티서비스㈜,[네이버계열사][NIT Service] 네이버 파이낸셜 플랫폼 운영,신입,경기 성남시,"데이터관리, Python, WEB/WAS, Windows, Docker, kubernetes",~11/26(일),https://www.jobkorea.co.kr//Recruit/GI_Read/43187401?Oem_Code=C1&logpath=1&stext=&listno=319
엔아이티서비스㈜,[네이버계열사][NIT Service] NAVER 서비스 보안진단,신입,경기 성남시,"네트워크보안, 시스템운영, 해킹, 정보보안, 정보보안",~11/26(일),https://www.jobkorea.co.kr//Recruit/GI_Read/43187226?Oem_Code=C1&logpath=1&stext=&listno=320
현대디지텍코어㈜,강남/삼성 OA장비 유지보수 직원 채용,신입·경력1년↑,서울 강남구 외,"기술지원, 시스템운영, 하드웨어, 컴퓨터, 유지보수, 유지보수",~11/26(일),https://www.jobkorea.co.kr//Recruit/GI_Read/43186517?Oem_Code=C1&logpath=1&stext=&listno=321
에스케이쉴더스㈜,정보보안 컨설팅 신입/경력직 채용,신입·경력,서울 종로구,"보안컨설팅, 보안운영, 보안인증, 네트워크보안, 보안컨설팅, 정보보안, SSL, 정보보안",~11/26(일),https://www.jobkorea.co.kr//Recruit/GI_Read/43182887?Oem_Code=C1&logpath=1&stext=&listno=322
㈜피엠그로우,EV(전기차) 배터리 관련 AI 개발자 채용,신입·경력,서울 서초구 외,"Python, AI, 자동차부품, 빅데이터, 데이터레이크, ETL, 클라이언트, SI개발, 인공지능",~12/15(금),https://www.jobkorea.co.kr//Recruit/GI_Read/43180955?Oem_Code=C1&logpath=1&stext=&listno=323
㈜사이냅소프트,2023년 신입/경력 각 부문 채용,신입·경력,서울 강서구 외,"모바일앱개발, C++, 솔루션영업, 시장조사, WAS, JavaScript, 모바일앱개발, 솔루션, 딥러닝, 인공지능, 기술영업, 웹사이트구축영업, 콘텐츠기획, 브랜드기획, 시스템엔지니어, jsp, 기술지원, Java, PyTorch, 소프트웨어개발",~11/25(토),https://www.jobkorea.co.kr//Recruit/GI_Read/43180363?Oem_Code=C1&logpath=1&stext=&listno=324
㈜마크로젠,㈜마크로젠 각 부문 신입/경력 직원 채용,신입·경력,서울 금천구 외,"바이오, 제약, PM, PO, 입출금관리, 자금관리, SI개발, 국내영업, 의료기기영업, 제약영업, 영어, 거래처관리, 고객관리, 매출관리, 영업전략, 생명공학, 미생물, 연구·실험·기술, 생명공학, 미생물",상시채용,https://www.jobkorea.co.kr//Recruit/GI_Read/43177374?Oem_Code=C1&logpath=1&stext=&listno=325
한국생활건강,2023년 하반기 각 부문 신입/경력사원 모집,신입·경력,서울 성동구 외,"법무사, 변호사, 웹디자인, 패키지디자인, 포장, AMD, QC, 퍼포먼스마케터, 홈쇼핑, 쇼핑몰, 건강식품, 사업기획, 신사업기획, 행정, 비품관리, 자산관리, 소송·민사·등기, 인사기획, 인사행정, 면접·채용",~11/26(일),https://www.jobkorea.co.kr//Recruit/GI_Read/43176244?Oem_Code=C1&logpath=1&stext=&listno=326
신성통상㈜,신성통상(주) 내부 ERP 개발/운영/유지보수 담당자 채용,신입·경력4년↑,서울 강동구,"남성의류, 서버구축, 시스템운영, 시스템운영, 시스템분석, 네트워크관리, 여성의류, 재단·수선·미싱, 서버구축, 유아의류, 서버관리, 네트워크관리, 직물·우븐·데님",~12/25(월),https://www.jobkorea.co.kr//Recruit/GI_Read/43176089?Oem_Code=C1&logpath=1&stext=&listno=327
㈜컴투스,[컴투스][제노니아:크로노브레이크] 레벨 디자인 기획 (경력),신입·경력,서울 금천구,"레벨 디자인 기획, MMORPG",~12/29(금),https://www.jobkorea.co.kr//Recruit/GI_Read/43175483?Oem_Code=C1&logpath=1&stext=&listno=328
㈜컴투스,[컴투스][제노니아:크로노브레이크] 밸런스/라이브 기획 (경력),신입·경력,서울 금천구,"데이터관리, 콘텐츠기획, 게임기획, MMORPG, 서비스기획",~12/29(금),https://www.jobkorea.co.kr//Recruit/GI_Read/43175154?Oem_Code=C1&logpath=1&stext=&listno=329
㈜필옵틱스,[DI기술팀] 장비 제어 SW 개발 및 디버깅 (C# 기반) 경력 채용,신입·경력,경기 오산시 외,"생산기술, 반도체장비, 반도체, 자동제어, 자동화라인, 제어·설계, 디스플레이, 디스플레이, 자동화라인, 시스템설계",~11/24(금),https://www.jobkorea.co.kr//Recruit/GI_Read/43173152?Oem_Code=C1&logpath=1&stext=&listno=330
㈜유비앤티스랩,통합인증 보안솔루션부문 신입 자바개발자 채용,신입·경력3년↑,서울 구로구,솔루션,~11/24(금),https://www.jobkorea.co.kr//Recruit/GI_Read/43172442?Oem_Code=C1&logpath=1&stext=&listno=331
KCC정보통신,[KCC정보통신] SI영업 신입 및 경력사원 모집,신입·경력,서울 용산구,"솔루션, SI, SM, 서버구축, 시스템분석, 시스템운영, 서버관리, SI개발, 기술지원, 시스템영업, 영업기획, 데이터분석",~11/23(목),https://www.jobkorea.co.kr//Recruit/GI_Read/43165802?Oem_Code=C1&logpath=1&stext=&listno=332
㈜이씨마이너,빅데이터/AI 솔루션 개발자 - 신입/경력 모집,신입·경력,서울 강남구,"빅데이터, 인공지능, 소프트웨어개발, 솔루션",~12/23(토),https://www.jobkorea.co.kr//Recruit/GI_Read/43163470?Oem_Code=C1&logpath=1&stext=&listno=333
㈜디지캡,㈜디지캡 [Android/iOS 경력 개발자] 모집,신입·경력,서울 강서구,"안드로이드, 모바일, Android, 모바일App, IOS",~11/23(목),https://www.jobkorea.co.kr//Recruit/GI_Read/43162988?Oem_Code=C1&logpath=1&stext=&listno=334
더이앤엠,2023년 하반기 각 부문 신입/경력 채용,신입·경력,서울 서초구 외,"보안솔루션, 서비스관리, 인터넷 방송, 정보보호, 클라우드, 프론트엔드, 플랫폼, AWS, AOS, IOS, ISMS, 인터넷방송, 엔터테인먼트사, 모바일앱개발, 소프트웨어개발, 인터넷방송, 모바일, 모바일App, 스마트폰, 아이폰",~11/24(금),https://www.jobkorea.co.kr//Recruit/GI_Read/43159303?Oem_Code=C1&logpath=1&stext=&listno=335
에임시스템㈜,[에임시스템(주)] 경력/신입 개발자 채용,신입·경력3년↑,경기 성남시,"SI개발, 소프트웨어개발",상시채용,https://www.jobkorea.co.kr//Recruit/GI_Read/43158713?Oem_Code=C1&logpath=1&stext=&listno=336
에임시스템㈜,[에임시스템(주)] MES 개발자 인재채용,신입·경력2년↑,경기 성남시,"MES, SI개발, 소프트웨어개발",~11/23(목),https://www.jobkorea.co.kr//Recruit/GI_Read/43158666?Oem_Code=C1&logpath=1&stext=&listno=337
㈜소니인터랙티브엔터테인먼트코리아,IT Engineer (신입/경력) 모집,신입·경력1년↑,서울 강남구,"상사, 서버관리, 네트워크관리, 무역업",~11/30(목),https://www.jobkorea.co.kr//Recruit/GI_Read/43158574?Oem_Code=C1&logpath=1&stext=&listno=338
펜타시큐리티㈜,[펜타시큐리티] IT 보안제품 기획 담당자 모집,신입·경력1년↑,서울 영등포구,"보안소프트웨어, 서버관리, 네트워크관리, 네트워크관리, 방화벽, 정보보안",~12/23(토),https://www.jobkorea.co.kr//Recruit/GI_Read/43154746?Oem_Code=C1&logpath=1&stext=&listno=339
㈜팬코,각 부문별 신입 및 경력사원 채용,신입·경력,서울 성동구 외,"상품입출고, 임원비서, 전산입력, ERP운용, 복리후생, 행정, 섬유공장, 생산관리, 의류판매, 품질보증, C#, 행정, 문서관리, 물류센터, 해외마케팅, 브랜드기획, 영업생산, 네트워크관리, 시스템운영, 시스템운영",상시채용,https://www.jobkorea.co.kr//Recruit/GI_Read/43150327?Oem_Code=C1&logpath=1&stext=&listno=340
㈜바이와이제이,"[NAIN나인/로라로라/바스타일] 상품기획,디자인실, 우븐, 소재, 의류 테크니컬, MD, 해외사업, 마케팅, 이커머스, 니트, PHP 개발자 (신입/경력) 모집",신입·경력,서울 강남구,"GUI, 웹표준·웹접근성, 잡화디자인, SNS마케팅, 영업기획, 검증, 물류센터, 해외마케팅, 자금관리, 섬유디자인, 수출입계약, 프로모션, 서버관리, UI·UX디자인, 가맹점관리, 대리점관리, 리테일MD, php, 고객지원, 바이어개발",~12/22(금),https://www.jobkorea.co.kr//Recruit/GI_Read/43142917?Oem_Code=C1&logpath=1&stext=&listno=341
산일전기㈜,"사업 확장에 따른 각 부문 경력 및 신입사원 모집 (경영지원/IT/재경/자금/전략기획/IPO,홍보,IR,공시/품질검사/수입검사/품질감사/구매관리/자재관리/ERP/공무/전기설계/생산)",신입·경력,경기 안산시 외,"경영기획, 사업기획, 재무기획, 데이터분석, 신사업기획, 전략기획, 시장분석, 시장조사, 데이터분석, 전략기획, 경영기획, 문서작성, 통계·분석, 자료조사, 문서관리, 문서작성, 전산입력, 자료조사, 행정, 더존",~11/30(목),https://www.jobkorea.co.kr//Recruit/GI_Read/43147515?Oem_Code=C1&logpath=1&stext=&listno=342
㈜픽소니어,응용SW 개발(C#)-서울,신입·경력,서울 금천구,"GUI, SI개발, 서버관리, 인터페이스, 클라이언트, 소프트웨어개발",~11/22(수),https://www.jobkorea.co.kr//Recruit/GI_Read/43148551?Oem_Code=C1&logpath=1&stext=&listno=343
㈜해커스어학원,[신입/경력] PHP 프로그래머/웹퍼블리셔 채용,신입·경력,서울 서초구,"모바일앱개발, MariaDB, 웹표준·웹접근성, 안드로이드, 인터페이스, Backend 개발, hybrid app, GUI, MySQL, SI개발, 아이폰, Full Stack 개발, 시스템분석, SI, 서버관리, JSON Parse, php, AWS, SQLite, 모바일App",상시채용,https://www.jobkorea.co.kr//Recruit/GI_Read/43143438?Oem_Code=C1&logpath=1&stext=&listno=344
드림아이씨티㈜,"[대전/광주근무]시스템, 클라우드, 네트워크, 보안 유지 보수 신입/경력자 채용",신입·경력3년↑,대전 유성구 외,"스토리지, 서버구축, 시스템운영, 시스템운영, 하드웨어, 방화벽, Unix, 네트워크관리, 보안장비, 네트워크관리, 정보보안, 서버구축, 컴퓨터, 서버관리, Storage, VMware, 네트워크관리, 기술지원, 유지보수, Cloud",~11/30(목),https://www.jobkorea.co.kr//Recruit/GI_Read/43123128?Oem_Code=C1&logpath=1&stext=&listno=345
㈜한샘디지텍,[신입/경력] 각 부문 (규격검토/조리장/영업주문관리/품질관리부/시설관리부) 정규직 모집,신입·경력,인천 서구 외,"전기, 전자, PCB, 문서관리, 문서작성, 전산입력, 사이트관리, 행정, 문서관리, 문서작성, 자산관리, 전산입력, 사이트관리, 시스템분석, 시스템설계, 시스템운영, 펌웨어, 검증, 시스템분석, 시스템설계",~11/30(목),https://www.jobkorea.co.kr//Recruit/GI_Read/43113585?Oem_Code=C1&logpath=1&stext=&listno=346
옵티시스㈜,옵티시스㈜ 각 분야별 신입 및 경력사원 모집,신입·경력3년↑,경기 성남시 외,"결산, 관리회계, 메카트로닉스, 부가세신고, 상품입출고, 전산입력, 창고관리, ERP운용, 거래처관리, 기구설계, 재무회계, 조립, 회로설계, 캐드원, 검증, 더존, 부가세신고, 임베디드, 품질보증, 계산서발행",~11/22(수),https://www.jobkorea.co.kr//Recruit/GI_Read/43105587?Oem_Code=C1&logpath=1&stext=&listno=347
㈜우아한형제들,각 부문별 경력/신입 인재영입,신입·경력,서울 송파구,"UI·UX디자인, 모바일App, 사업기획, 전략기획, 서비스기획, 제안·컨설팅, 앱기획, 데이터분석, 전략기획, PM, PL, PO, 행정, 인사행정, 면접·채용, 브랜딩, IMC, 리테일MD, 식품MD, 서버관리",상시채용,https://www.jobkorea.co.kr//Recruit/GI_Read/34208668?Oem_Code=C1&logpath=1&stext=&listno=348
주식회사 씨티티디,"프로모션 디자이너, 웹 퍼블리셔, 운영기획자 채용",신입·경력,서울 강남구 외,"웹에이전시, 서비스기획, 스토리보드, 제안·컨설팅, 데이터분석, 앱기획, 콘텐츠기획, UI·UX기획, PM, PL, PO, 웹마스터, GUI, 반응형웹, 웹표준·웹접근성, 디지털디자인, 옥외광고, 전단지디자인, 정보디자인, 현수막디자인",~12/03(일),https://www.jobkorea.co.kr//Recruit/GI_Read/43116941?Oem_Code=C1&logpath=1&stext=&listno=349
비에이치아이㈜,비에이치아이(주) 신입 및 경력직 모집,신입·경력,경남 함안군 외,"거래처관리, 시스템운영, 가맹점관리, 대리점관리, 시스템분석, 거래선개발관리, 시스템설계, 플랜트, 고객관리, 생산기술",~11/30(목),https://www.jobkorea.co.kr//Recruit/GI_Read/43107862?Oem_Code=C1&logpath=1&stext=&listno=350
엘에스웨어㈜,Software 엔지니어 보안관제 채용,신입·경력,서울 금천구 외,"보안관제, 보안소프트웨어, 정보보안",~12/18(월),https://www.jobkorea.co.kr//Recruit/GI_Read/43124317?Oem_Code=C1&logpath=1&stext=&listno=351
유엔젤㈜,사내 서버 & 전산 관리자 채용,신입·경력1년↑,경기 성남시,"시스템운영, 텔레콤, 네트워크관리, 통신",~12/17(일),https://www.jobkorea.co.kr//Recruit/GI_Read/43113155?Oem_Code=C1&logpath=1&stext=&listno=352
㈜엠디에스인텔리전스,[MDS인텔리전스] 소프트웨어 테스트 엔지니어 채용,신입·경력,경기 성남시,"테스터, 검증, 소프트웨어개발, 솔루션",상시채용,https://www.jobkorea.co.kr//Recruit/GI_Read/43108232?Oem_Code=C1&logpath=1&stext=&listno=353
지니언스(주),지니언스 개발자 모집,신입·경력,경기 안양시 외,"데이터관리, poc, 웹표준·웹접근성, XDR, GENIAN, IAMBDA, APT, 네트워크보안, angular, ElasticSearch, kafka, ISTQB, 정보통신·IT, AWS, ES6, vue.js, GPI, Go, web, EDR",~12/17(일),https://www.jobkorea.co.kr//Recruit/GI_Read/43108175?Oem_Code=C1&logpath=1&stext=&listno=354
하이버스㈜,하이버스(주) 응용기술팀-장비기술개발엔지니어(SW/HW),신입·경력4년↑,서울 구로구,"전자, 전자회로, Hardware, HMI",상시채용,https://www.jobkorea.co.kr//Recruit/GI_Read/43105279?Oem_Code=C1&logpath=1&stext=&listno=355
주식회사 위메이드,게임운영(GM) 담당자,신입·경력,경기 성남시,"사이트관리, 모바일앱게임, GM, RPG, 커뮤니티 매니저, 웹게임, MMORPG, 무선게임, 3D온라인게임",~12/16(토),https://www.jobkorea.co.kr//Recruit/GI_Read/43104180?Oem_Code=C1&logpath=1&stext=&listno=356
㈜웹젠,[웹젠] 경영관리(신입/경력),신입·경력3년↑,경기 성남시,"게임소프트웨어, 관리회계, 경영관리, 게임마케팅, 게임디자인, 손익관리, 게임기획, MMORPG, 게임개발, 경영기획, 출자관리",~12/16(토),https://www.jobkorea.co.kr//Recruit/GI_Read/43103453?Oem_Code=C1&logpath=1&stext=&listno=357
이트론㈜,[이트론(주)] 가상화 기술지원 신입/경력 (VDI 엔지니어),신입·경력1년↑,서울 강남구,"솔루션, PL, PM, 서버구축, 네트워크관리, PO, 서버관리",~11/30(목),https://www.jobkorea.co.kr//Recruit/GI_Read/43094767?Oem_Code=C1&logpath=1&stext=&listno=358
㈜티비스톰,TVSTORM 기술연구소 개발자 채용 (신입/경력/병역특례),신입·경력,서울 서초구,"안드로이드, 펌웨어, 인터페이스, 검증, 시스템설계, 회로설계, 시스템분석, 시스템운영, 정보보안, 클라이언트, 시스템분석, 시스템설계, 펌웨어, 모바일, 아키텍처, 시스템설계, PDA",~12/15(금),https://www.jobkorea.co.kr//Recruit/GI_Read/43093764?Oem_Code=C1&logpath=1&stext=&listno=359
㈜포인트모바일,S/W개발부 신입/경력 채용,신입·경력,서울 금천구 외,,~11/30(목),https://www.jobkorea.co.kr//Recruit/GI_Read/43090739?Oem_Code=C1&logpath=1&stext=&listno=360
진인프라,진인프라 정규직 채용,신입·경력,경기 성남시 외,"서버, 솔루션영업, 네트웍구축, 시스템운영, 소방공사, 네트워크관리, 소방기술자, SI, 서버구축, 네트워크영업, VPN, 소방산업기사, 필드, 시스코, X86서버, 기술지원",~11/30(목),https://www.jobkorea.co.kr//Recruit/GI_Read/43088020?Oem_Code=C1&logpath=1&stext=&listno=361
㈜웹젠,[웹젠] 개발PM(신입),신입,경기 성남시,"게임소프트웨어, 게임마케팅, 프로젝트, 게임디자인, 개발일정, 게임기획, 게임개발PM, MMORPG, 게임개발, 개발PM, 게임PM, 게임서비스, 프로젝트 관리",~12/12(화),https://www.jobkorea.co.kr//Recruit/GI_Read/43077965?Oem_Code=C1&logpath=1&stext=&listno=362
㈜웹젠,[웹젠레드코어/R2M] UI디자이너(신입/경력),신입·경력,경기 성남시,"게임소프트웨어, 게임마케팅, UI·UX기획, ui디자이너, 게임디자인, UX디자인, UI·UX디자인, UI디자인, Unreal Engine, 게임기획, MMORPG, 게임개발, UI, 게임UI",~12/12(화),https://www.jobkorea.co.kr//Recruit/GI_Read/43077924?Oem_Code=C1&logpath=1&stext=&listno=363
㈜웹젠,[웹젠넥스트/신규 Project N] 애니메이션(신입/경력),신입·경력,경기 성남시,"게임소프트웨어, 3DSmax, 게임마케팅, 수집형RPG, 애니메이션, 게임디자인, 서브컬쳐, Unreal Engine, 게임기획, 모델링, UE, MMORPG, 게임개발",~12/12(화),https://www.jobkorea.co.kr//Recruit/GI_Read/43077898?Oem_Code=C1&logpath=1&stext=&listno=364
㈜웹젠,[웹젠레드코어/R2M] 애니메이션(신입/경력),신입·경력,경기 성남시,"게임소프트웨어, 게임마케팅, 모션그래픽, 애니메이션, 게임디자인, 극실사, Unreal Engine, 유럽풍, 게임기획, MMORPG, 게임개발, 애니메이션, 중실사",~12/12(화),https://www.jobkorea.co.kr//Recruit/GI_Read/43077871?Oem_Code=C1&logpath=1&stext=&listno=365
㈜웹젠,[웹젠넥스트/신규 Project N] 3D 캐릭터모델링(신입/경력),신입·경력,경기 성남시,"게임소프트웨어, 게임마케팅, ue4, ZBRUSH, 수집형RPG, 게임디자인, Marvelous Designer, Unreal Engine, 게임기획, 애니메이션, 모델링, MMORPG, 게임개발, 캐릭터모델링, Substance Painter",~12/12(화),https://www.jobkorea.co.kr//Recruit/GI_Read/43077787?Oem_Code=C1&logpath=1&stext=&listno=366
㈜웹젠,[웹젠/MU Online] 클라이언트(신입),신입,경기 성남시,"게임소프트웨어, 컨텐츠개발, 게임마케팅, ue4, 시스템개발, 수집형RPG, 게임디자인, 프로그래밍, Unreal Engine, 클라이언트, 게임기획, 클라이언트프로그래밍, 게임기획, MMORPG, 게임개발",~12/12(화),https://www.jobkorea.co.kr//Recruit/GI_Read/43077760?Oem_Code=C1&logpath=1&stext=&listno=367
㈜웹젠,[웹젠레드코어/R2M] 서버(신입/경력),신입·경력,경기 성남시,"게임소프트웨어, 컨텐츠개발, 게임마케팅, MMO, multithread, 게임디자인, Redis, 게임기획, MMORPG, 게임개발, 서버유지보수, IOCP",~12/12(화),https://www.jobkorea.co.kr//Recruit/GI_Read/43077743?Oem_Code=C1&logpath=1&stext=&listno=368
㈜웹젠,[웹젠/MU Online] 서버(신입),신입,경기 성남시,"게임소프트웨어, 컨텐츠개발, 게임마케팅, 게임디자인, 게임기획, socket programming, 서버개발, MMORPG, 게임개발, 서버유지보수",~12/12(화),https://www.jobkorea.co.kr//Recruit/GI_Read/43077737?Oem_Code=C1&logpath=1&stext=&listno=369
㈜웹젠,[웹젠넥스트/신규 Project N] 설정&시나리오기획(신입/경력),신입·경력,경기 성남시,"게임소프트웨어, 게임마케팅, 설정기획, 시나리오기획, ue4, 수집형RPG, 게임디자인, Unreal Engine, 캐릭터설정, 게임기획, UE, 게임기획, MMORPG, 게임개발, UE3",~12/12(화),https://www.jobkorea.co.kr//Recruit/GI_Read/43077651?Oem_Code=C1&logpath=1&stext=&listno=370
㈜웹젠,[웹젠/신규 모바일(MMORPG)] 국내GM(신입/경력),신입·경력2년↑,경기 성남시,"게임소프트웨어, 모니터링, 사이트관리, 게임마케팅, 고객대응, GM, 수집형RPG, 게임디자인, RPG, 게임기획, 이벤트기획, 게임개발, 프로모션, voc",~12/12(화),https://www.jobkorea.co.kr//Recruit/GI_Read/43077497?Oem_Code=C1&logpath=1&stext=&listno=371
㈜웹젠,[웹젠] 해외사업PM(신입/경력),신입·경력,경기 성남시,"게임소프트웨어, 중화권사업PM, 게임마케팅, 해외사업PM, 게임디자인, 사업기획, 게임기획, 중화권PM, MMORPG, 게임개발, 사업PM",~12/12(화),https://www.jobkorea.co.kr//Recruit/GI_Read/43077490?Oem_Code=C1&logpath=1&stext=&listno=372
㈜웹젠,[웹젠/신규 서브컬쳐 게임] 국내사업PM(신입/경력),신입·경력2년↑,경기 성남시,"게임소프트웨어, 게임마케팅, 게임사업PM, 게임디자인, 글로벌사업PM, 사업기획, 게임기획, MMORPG, 게임개발, 게임PM, 사업PM",~12/12(화),https://www.jobkorea.co.kr//Recruit/GI_Read/43076950?Oem_Code=C1&logpath=1&stext=&listno=373
㈜세종파마텍,2023년 세종파마텍 하반기 신입 및 경력 채용,신입·경력,인천 계양구 외,"기구설계, 무역, 생산, 영어, 원가, 전기제어, 조립, 해외영업, 대리점영업, 손익, 손익분석, 신용장, 연구개발, 전산보안, 전산, 전장설계, EPLAN, 제어CS, 자동화설비, 포장기계",~12/12(화),https://www.jobkorea.co.kr//Recruit/GI_Read/43073311?Oem_Code=C1&logpath=1&stext=&listno=374
㈜비지에프네트웍스,[BGF네트웍스] IT 신입 / 경력사원 상시 채용,신입·경력3년↑,서울 광진구,시스템운영,상시채용,https://www.jobkorea.co.kr//Recruit/GI_Read/43070083?Oem_Code=C1&logpath=1&stext=&listno=375
㈜티맥스소프트,[Tmaxsoft] 해외부문 SaaS 연구/개발,신입·경력1년↑,경기 성남시,"BigData, 솔루션, SI, ERP, 소프트웨어개발",~12/11(월),https://www.jobkorea.co.kr//Recruit/GI_Read/43067691?Oem_Code=C1&logpath=1&stext=&listno=376
㈜미래넷,[신입/경력/정규] 프로그램 개발/유지보수/ 직원 모집,신입·경력,충남 천안시,프로그램 유지보수,~12/11(월),https://www.jobkorea.co.kr//Recruit/GI_Read/43063521?Oem_Code=C1&logpath=1&stext=&listno=377
㈜포이시스,"[본사/대구/부산] Java / Python 활용 / Android/ios/ 금융솔루션 개발자 및 디자이너 채용 공고(경력, 신입)",신입·경력,서울 금천구 외,"모바일앱개발, 소프트웨어개발, ISP, SM, 모바일디자인, UI·UX기획",상시채용,https://www.jobkorea.co.kr//Recruit/GI_Read/43053451?Oem_Code=C1&logpath=1&stext=&listno=378
㈜네오플,[네오플] 프로그래밍/기술지원 직군 분야별 모집,신입·경력,제주 제주시 외,"게임프로그래머, 게임회사, 네오플, 던전앤파이터, 언리얼, 언리얼엔진, 클라이언트, 클라이언트 프로그래밍, 2D온라인게임, 게임개발, 게임소프트웨어, 모바일앱게임, RPG, 클라이언트",상시채용,https://www.jobkorea.co.kr//Recruit/GI_Read/43052910?Oem_Code=C1&logpath=1&stext=&listno=379
㈜이테크시스템,시스템 엔지니어 모집 (경기 화성),신입·경력2년↑,경기 화성시,"서버구축, 네트워크관리, 기술지원",~12/10(일),https://www.jobkorea.co.kr//Recruit/GI_Read/43052584?Oem_Code=C1&logpath=1&stext=&listno=380
이노뎁㈜,엔지니어 업무 정규직 채용(충청도 - On Site 엔지니어),신입·경력,경기 안양시 외,"스토리지, 엔지니어, 서버, 소프트웨어개발, 솔루션, BI, BigData, 서버구축, 서버관리, 네트워크관리, 정보통신, CCTV",~12/10(일),https://www.jobkorea.co.kr//Recruit/GI_Read/43050447?Oem_Code=C1&logpath=1&stext=&listno=381
에프에스티,(주)에프에스티 기업부설연구소 연구개발/양산개발 모집,신입·경력,경기 오산시 외,"관리회계, 생산기술, 전기설계, 전산입력, 창고관리, 택배, 데이터관리, 4대보험, 급여관리, 기구설계, 펌웨어, 제어·설계, 데이터분석, A·S수리, 기술지원, 반도체장비, 생산관리, 전자, 검증, 문서관리",~11/30(목),https://www.jobkorea.co.kr//Recruit/GI_Read/43041890?Oem_Code=C1&logpath=1&stext=&listno=382
㈜이스트게임즈,시스템 엔지니어/정보 보안 엔지니어,신입·경력,서울 서초구 외,"서버구축, 시스템운영, 네트워크관리",상시채용,https://www.jobkorea.co.kr//Recruit/GI_Read/43041524?Oem_Code=C1&logpath=1&stext=&listno=383
㈜지넷시스템,[신입] 임베디드 리눅스 응용프로그래머 모집,신입,서울 금천구,"펌웨어, 인터페이스, 응용프로그램",~12/08(금),https://www.jobkorea.co.kr//Recruit/GI_Read/43040319?Oem_Code=C1&logpath=1&stext=&listno=384
㈜아이씨디,(주)아이씨디 정보시스템팀 플랫폼개발 인재 채용,신입,경기 안성시,"서버구축, 시스템운영, 모델링, 시스템분석, 시스템설계, 서버관리",상시채용,https://www.jobkorea.co.kr//Recruit/GI_Read/43037322?Oem_Code=C1&logpath=1&stext=&listno=385
㈜한드림넷,"(신입/경력) 네트워크 프로그래머, 보안 프로그래머 채용",신입·경력,경기 의왕시 외,"하드웨어, 네트워크관리, 펌웨어, 정보보안, 시스템설계, AS",상시채용,https://www.jobkorea.co.kr//Recruit/GI_Read/42989568?Oem_Code=C1&logpath=1&stext=&listno=386
하이버스㈜,하이버스(주) 시스템개발팀 소프트웨어 개발자 모집,신입·경력3년↑,서울 구로구,"전자회로, 제품개발, 전자, Hardware, HMI",~11/30(목),https://www.jobkorea.co.kr//Recruit/GI_Read/43026640?Oem_Code=C1&logpath=1&stext=&listno=387
㈜네오펙트,[경력] 자동차 AUTOSAR 플랫폼 SW 개발,신입·경력,경기 성남시 외,자동차 SW,~12/05(화),https://www.jobkorea.co.kr//Recruit/GI_Read/43020779?Oem_Code=C1&logpath=1&stext=&listno=388
소프트캠프㈜,Cloud 보안SW 개발자 신입/경력직 모집 (SECaaS연구소),신입·경력4년↑,경기 성남시,"정보보안, 보안소프트웨어",~12/04(월),https://www.jobkorea.co.kr//Recruit/GI_Read/43014181?Oem_Code=C1&logpath=1&stext=&listno=389
㈜인피니트헬스케어,[의료SW] 대구지사 시스템엔지니어 신입 모집,신입,대구 동구,"서버관리, 소프트웨어개발",~12/04(월),https://www.jobkorea.co.kr//Recruit/GI_Read/43014160?Oem_Code=C1&logpath=1&stext=&listno=390
㈜에이치에스티,"네트워크 엔지니어 신입,경력자 모집",신입·경력,서울 종로구,"하드웨어, 네트워크관리, 컴퓨터, 유지보수",상시채용,https://www.jobkorea.co.kr//Recruit/GI_Read/43010165?Oem_Code=C1&logpath=1&stext=&listno=391
㈜이랜텍,본사 연구개발팀 신입 및 경력사원 모집,신입·경력,경기 화성시,"전자, 전기",~12/04(월),https://www.jobkorea.co.kr//Recruit/GI_Read/43007202?Oem_Code=C1&logpath=1&stext=&listno=392
㈜에스엠코어,(주)에스엠코어 전장(설계) & 제어(PLC / PC) 채용의 건,신입·경력,경기 평택시 외,"자동창고, 물류자동화, PLC",상시채용,https://www.jobkorea.co.kr//Recruit/GI_Read/43003839?Oem_Code=C1&logpath=1&stext=&listno=393
㈜컴투스,[컴투스] 서머너즈워 차기 RPG 클라이언트 (신입/경력),신입·경력,서울 금천구,클라이언트,~11/30(목),https://www.jobkorea.co.kr//Recruit/GI_Read/43002456?Oem_Code=C1&logpath=1&stext=&listno=394
㈜컴투스,[컴투스] [서머너즈워] 배경 모델러 (신입/경력),신입·경력,서울 금천구,"애니메이션, 모델링, 디지털디자인, MMORPG, 모션그래픽",~11/30(목),https://www.jobkorea.co.kr//Recruit/GI_Read/43002415?Oem_Code=C1&logpath=1&stext=&listno=395
㈜핸디소프트,[SW] QA / Test Engineer / 테스트 엔지니어 / 신입·경력 채용,신입·경력2년↑,경기 안양시,"테스터, 웹마스터, 검증",~12/03(일),https://www.jobkorea.co.kr//Recruit/GI_Read/42992067?Oem_Code=C1&logpath=1&stext=&listno=396
㈜핸디소프트,소프트웨어 엔지니어 모집(대전),신입·경력,대전 서구,데이터관리,~12/03(일),https://www.jobkorea.co.kr//Recruit/GI_Read/42992039?Oem_Code=C1&logpath=1&stext=&listno=397
㈜정원엔시스,IT(인프라) 제안 인력(신입/경력) 모집,신입·경력,서울 강남구,"시스템운영, 전자상거래, 서버구축, 쇼핑몰, EC, 오픈마켓, 서버관리",~12/03(일),https://www.jobkorea.co.kr//Recruit/GI_Read/42990862?Oem_Code=C1&logpath=1&stext=&listno=398
㈜네오티스,전장연구소 소프트웨어 경력 사원 모집(근무지 서울),신입·경력3년↑,서울 동작구,"전자회로, 전장, Firmware, Micom, PCB, 펌웨어, 회로설계",~12/03(일),https://www.jobkorea.co.kr//Recruit/GI_Read/42988541?Oem_Code=C1&logpath=1&stext=&listno=399
대보정보통신㈜,정보통신시설물 유지관리 직원 채용(신입 또는 경력),신입·경력,경기 용인시 외,"정보통신시설물 유지관리, SI, 유지보수",~11/30(목),https://www.jobkorea.co.kr//Recruit/GI_Read/42988512?Oem_Code=C1&logpath=1&stext=&listno=400
